variable_id,domain,concepts,question_text,scale_type,scale_points,confidence,needs_reversal,validation_phrase,validation_phrase_occurrences,validation_phrase_score
ACTUAL_COUNT_EXCLUDE,Unknown,,"ACTUAL COUNT (EXCLUDE servants, transients/boarders)",unknown,0,0.0,False,"actual count (exclude servants, transients/boarders)",1,132.0
ACTUAL_COUNT_INCLUDE,Unknown,,"ACTUAL COUNT (INCLUDE servants, transients/boarders)",unknown,0,0.0,False,"actual count (include servants, transients/boarders)",1,132.0
COUNTRY,Unknown,,Country code,categorical,16,0.8,False,country code,1,92.4
IDNUMBER,Unknown,,"case number 

Variable: REGION 
  Question: Region",categorical,55,0.8,False,case number variable: region question:,1,132.0
IR1,Unknown,,IR1 Interviewer's number__________ (a three-digit code),unknown,0,0.0,False,ir1 interviewer's number__________ (a three-digit,1,132.0
IR10,Unknown,,IR10 Language in which interview was conducted,likert_4,4,0.8,False,ir10 language in which interview,1,132.0
IR10a,Unknown,,IR10a Was the interview conducted with the assistance of an interpreter?,binary,2,0.8,True,ir10a was the interview conducted,1,132.0
IR11a,Unknown,,"IR11a Based on your observation, what is the condition of the road leading to interviewee's residence?",likert_6,6,0.8,False,"ir11a based on your observation,",1,132.0
IR11b,Unknown,,IR11b Please identify the main source of drinking water in the household?,likert_5,5,0.8,False,ir11b please identify the main,1,132.0
IR11c,Unknown,,IR11c Is electricity the main source of lighting in the house?,binary,2,0.8,True,ir11c is electricity the main,1,132.0
IR11d,Unknown,,IR11d Is this neighborhood covered by mobile network?,likert_3,3,0.8,True,ir11d is this neighborhood covered,1,132.0
IR11e,Unknown,,"IR11e In terms of walking distance, how far is it between the nearest public transportation stop (bus, train, ferry, tram, etc.) and the respondent's house?",ordinal,8,0.8,False,ir11e in terms of walking,1,132.0
IR12,Unknown,,"IR12 Were the following services present within the neighborhood (i.e., within walking or easy driving distance)",binary,2,0.8,False,ir12 were the following services,1,132.0
IR12a,Unknown,,IR12a Post-office,binary,2,0.8,True,ir12a post-office,1,92.4
IR12b,Unknown,,IR12b School,binary,2,0.8,True,ir12b school,1,92.4
IR12c,Unknown,,IR12c Police station,binary,2,0.8,True,ir12c police station,1,132.0
IR12d,Unknown,,IR12d Sewerage system that most houses could access,binary,2,0.8,True,ir12d sewerage system that most,1,132.0
IR12e,Unknown,,IR12e Health clinic,binary,2,0.8,True,ir12e health clinic,1,132.0
IR12f,Unknown,,IR12f Signal for cellular phone,binary,2,0.8,True,ir12f signal for cellular phone,1,132.0
IR12g,Unknown,,"IR12g Recreational facilities, e.g., a sports field",binary,2,0.8,True,"recreational facilities, e.g., a sports",1,132.0
IR12h,Service Accessibility,"public places of worship, community infrastructure","IR12h Any churches, mosques, temples or other public places of worship",binary,2,0.8,True,"ir12h any churches, mosques, temples",1,132.0
IR12i,Service Accessibility,"community buildings, meeting spaces",IR12i Any town halls or community buildings that can be used for meetings,binary,2,0.8,True,ir12i any town halls or,1,132.0
IR12k,Service Accessibility,"market stalls, retail infrastructure",IR12k Market stalls (selling groceries and/or clothing),binary,2,0.8,True,ir12k market stalls (selling groceries,1,132.0
IR13,Geographic Location,"country level, spatial awareness",IR13 Which of the following levels within the country the respondent live?,likert_4,4,0.8,False,ir13 which of the following,1,132.0
IR2,Survey Methodology,"questionnaire completion, survey experience",IR2 Is this the first questionnaire you have completed?,binary,2,0.8,True,ir2 is this the first,1,132.0
IR2a,Interviewer Characteristics,interviewer gender,IR2a Interviewer's gender,binary,2,0.8,False,ir2a interviewer's gender,1,132.0
IR2b,Interviewer Characteristics,interviewer age,IR2b Interviewer's Age____,unknown,0,0.0,False,ir2b interviewer's age____,1,132.0
IR2c,Language Use,"language preference, communication",IR2c What kind of language do you normally use at home?,categorical,23,0.8,False,ir2c what kind of language,1,132.0
IR2c_other,Language Use,"language preference, communication","IR2c_other 

Variable: IR3 
  Question: IR3 In the interview, other than the respondent, were others present?",binary,2,0.8,True,ir2c_other variable: ir3 question: ir3,7,7.127330062459714
IR3a_1,Interview Environment,"presence of others, social context","IR2c_other 

Variable: IR3 
  Question: IR3 In the interview, other than the respondent, were others present? IR3a_1 Respondent's spouse",binary,2,0.8,True,"respondent, were others present? ir3a_1",1,132.0
IR3a_2,Interview Conduct,"children, presence of others","IR2c_other 

Variable: IR3 
  Question: IR3 In the interview, other than the respondent, were others present? IR3a_2 Children",binary,2,0.8,True,"respondent, were others present? ir3a_2",1,132.0
IR3a_3,Interview Conduct,"parents or parents-in-law, presence of others","IR2c_other 

Variable: IR3 
  Question: IR3 In the interview, other than the respondent, were others present? IR3a_3 Parents or parents-in-law",binary,2,0.8,True,"respondent, were others present? ir3a_3",1,132.0
IR3a_4,Interview Conduct,"neighbors or passersby, presence of others","IR2c_other 

Variable: IR3 
  Question: IR3 In the interview, other than the respondent, were others present? IR3a_4 Neighbors/passers by",binary,2,0.8,True,"respondent, were others present? ir3a_4",1,132.0
IR3a_5,Interview Conduct,"party or government official, presence of others","IR2c_other 

Variable: IR3 
  Question: IR3 In the interview, other than the respondent, were others present? IR3a_5 Party/government official",binary,2,0.8,True,"respondent, were others present? ir3a_5",1,132.0
IR3a_6_other,Interview Conduct,"other presence, presence of others","IR2c_other 

Variable: IR3 
  Question: IR3 In the interview, other than the respondent, were others present? IR3a_6_other",binary,2,0.8,True,"respondent, were others present? ir3a_6_other",1,132.0
IR3a_6_other_clarify,Unknown,,"IR3a_other_clarify 

Variable: IR4 
  Question: IR4 Has the respondent ever refused to be interviewed during the whole process?",likert_4,4,0.8,True,ir3a_other_clarify variable: ir4 question: ir4,1,132.0
IR5,Interview Conduct,"impatience during interview, interview experience",IR5 Has the respondent ever felt impatient during the interview?,likert_4,4,0.8,False,ir5 has the respondent ever,1,132.0
IR6,Interview Conduct,"cooperation level, interview experience",IR6 How cooperative was the respondent during the interview?,likert_3,3,0.8,False,how cooperative was the respondent,1,132.0
IR7,Interview Conduct,"sincerity when answering sensitive questions, interview experience",IR7 How sincere was the respondent when answering sensitive questions?,likert_4,4,0.8,False,how sincere was the respondent,1,132.0
IR8,Interview Conduct,"difficulty in answering questions, interview experience",IR8 What proportion of the questions do you feel the respondent had difficulty answering?,likert_5,5,0.8,False,what proportion of the questions,1,132.0
LEVEL,Unknown,,Rural or urban,binary,2,0.8,False,rural or urban,1,132.0
SE10_1,Economic Perception,"employment status, economic condition",SE10_1 Is the main earner in your household currently employed?,binary,2,0.8,False,se10_1 is the main earner,1,132.0
SE10a,Economic Perception,"employment type, economic condition","SE10a Is he or she currently self-employed, working in a family business, or working for an outside employer?",likert_4,4,0.8,False,se10a is he or she,1,132.0
SE10b,Economic Perception,"business size, economic condition",SE10b How many people do his or her business employ?,ordinal,4,0.5,False,se10b how many people do,1,132.0
SE10c,Economic Perception,"job type, economic condition",SE10c Here is a list of different types of jobs. Which type of job does he/she have now?,scale_10,10,0.8,False,se10c here is a list,1,132.0
SE10d,Economic Perception,"employment status, economic condition",SE10d Is he or she currently seeking employment?,likert_3,3,0.8,True,se10d is he or she,1,132.0
SE10e,Economic Perception,"employment status, economic condition",SE10e What is his or her current status?,likert_6,6,0.8,False,se10e what is his or,1,132.0
SE10eother,Economic Perception,"employment status, economic condition","SE10eother 

Variable: SE11 
  Question: SE11 What language do you speak the most in the home?",likert_5,5,0.8,False,se10eother variable: se11 question: se11,1,132.0
SE11a,Demographic Characteristics,"racial or ethnic background, identity",SE11a What is your racial or ethnic background?,categorical,101,0.8,False,se11a what is your racial,1,132.0
SE11aother,Demographic Characteristics,"racial or ethnic background, identity","SE11aother 

Variable: SE12 
  Question: SE12 SUBJECTIVE SOCIAL STATUS",scale_10,10,0.8,False,se11aother variable: se12 question: se12,1,132.0
SE13a,Unknown,,SE13a Where would you put yourself on the staircase?,scale_10,10,0.8,False,se13a where would you put,2,46.66904755831214
SE13b,Unknown,,SE13a Where would you put yourself on the staircase? SE13b Where would you put your parents on the staircase?,scale_10,10,0.8,False,yourself on the staircase? se13b,1,132.0
SE13c,Unknown,,SE13c Where do you think your children will be?,scale_10,10,0.8,False,think your children will be?,1,132.0
SE14,Unknown,,SE14 Monthly household income,likert_5,5,0.8,False,se14 monthly household income,1,132.0
SE14a,Unknown,,SE14a Does the total income of your household allow you to satisfactorily cover your needs?,ordinal,6,0.5,False,se14a does the total income,1,132.0
SE15a,Unknown,,SE15a Do you or your family own the following: Car/Jeep/Van?<optional>,binary,2,0.8,True,you or your family own,1,132.0
SE15a_1,Unknown,,SE15a_1 How many?<optional>,unknown,0,0.0,False,se15a_1 how many?<optional>,1,132.0
SE15b,Unknown,,SE15b Tractor<optional>,binary,2,0.8,True,se15b tractor<optional>,1,92.4
SE15c,Unknown,,SE15c Color or B/W Television (Non-Cable)<optional>,binary,2,0.8,True,se15c color or b/w television,1,132.0
SE15d,Unknown,,SE15d Cable Television<optional>,binary,2,0.8,True,se15d cable television<optional>,1,132.0
SE15e,Unknown,,SE15e Scooter/Motorcycle/Moped<optional>,binary,2,0.8,True,se15e scooter/motorcycle/moped<optional>,1,92.4
SE15f,Unknown,,SE15f Telephone (Landline)<optional>,binary,2,0.8,True,se15f telephone (landline)<optional>,1,132.0
SE15g,Unknown,,SE15g Mobile Telephone<optional>,binary,2,0.8,True,se15g mobile telephone<optional>,1,132.0
SE15h,Unknown,,SE15h Electric Fan/Cooler<optional>,binary,2,0.8,True,se15h electric fan/cooler<optional>,1,132.0
SE15i,Unknown,,SE15i Bicycle<optional>,binary,2,0.8,True,se15i bicycle<optional>,1,92.4
SE15j,Unknown,,SE15j Radio/Transistor<optional>,binary,2,0.8,True,se15j radio/transistor<optional>,1,92.4
SE15k,Unknown,,SE15k Pumping Set<optional>,binary,2,0.8,True,se15k pumping set<optional>,1,132.0
SE15l,Unknown,,SE15l Fridge<optional>,binary,2,0.8,True,se15l fridge<optional>,1,92.4
SE15m,Unknown,,SE15m Camera<optional>,binary,2,0.8,True,se15m camera<optional>,1,92.4
SE15n,Unknown,,SE15n Goats/Sheep<optional>,binary,2,0.8,True,se15n goats/sheep<optional>,1,92.4
SE15n_1,Service Accessibility,"service availability, cattle, count",SE15n_1 How many?<optional>,unknown,0,0.0,False,se15n_1 how many?<optional>,1,132.0
SE15o,Service Accessibility,"service availability, cattle, type",SE15o Cows/Buffalo<optional>,binary,2,0.8,True,se15o cows/buffalo<optional>,1,92.4
SE15o_1,Service Accessibility,"service availability, cattle, count",SE15o_1 How many?<optional>,unknown,0,0.0,False,se15o_1 how many?<optional>,1,132.0
SE15p,Service Accessibility,"service availability, internet connection, availability",SE15p Internet Connection at home<optional>,binary,2,0.8,True,se15p internet connection at home<optional>,1,132.0
SE15q,Service Accessibility,"service availability, boat, type",SE15q Boat<optional>,binary,2,0.8,True,se15q boat<optional>,1,92.4
SE15q_1,Service Accessibility,"service availability, boat, count",SE15q_1 How many?<optional>,unknown,0,0.0,False,se15q_1 how many?<optional>,1,132.0
SE2,Demographics,"social characteristic, gender",SE2 Gender,binary,2,0.8,False,se2 gender,1,92.4
SE3,Demographics,"social characteristic, birth year",SE3 Birth year,unknown,0,0.0,False,se3 birth year,1,132.0
SE3_1,Demographics,"social characteristic, age",SE3_1 Actual age,unknown,0,0.0,False,se3_1 actual age,1,132.0
SE4,Demographics,"social characteristic, marital status",SE4 MARITAL STATUS,likert_6,6,0.8,False,se4 marital status,1,132.0
SE5,Education,"education level, formal education",SE5 EDUCATION,scale_10,10,0.8,False,se5 education,1,92.4
SE5a,Education,"education level, years of education",SE5a How many years of formal education you have received?,unknown,0,0.0,False,how many years of formal,1,132.0
SE6,Religion,"religion, affiliation",SE6 Religion,categorical,17,0.8,False,se6 religion,1,92.4
SE6other,Religion,"religion, affiliation, other","SE6. Other specify responses 

Variable: SE7 
  Question: SE7 RELIGIOSITY: About how often do you practice religious services or rituals these days?",scale_10,10,0.8,False,se6. other specify responses variable:,1,132.0
SE7a,Religion,"self-description, religiosity",SE7a How would you describe yourself?,likert_4,4,0.8,False,se7a how would you describe,1,132.0
SE8a,Household Size,"household size, number of people",SE8a How many people live in this household?,unknown,0,0.0,False,se8a how many people live,1,132.0
SE8b,Household Size,"household size, generations",SE8b How many generations of family members live in this household?,ordinal,5,0.5,False,how many generations of family,1,132.0
SE9,Employment,"employment status, current employment",SE9 Are you currently employed?,binary,2,0.8,False,se9 are you currently employed?,1,132.0
SE9a,Employment,"self-employment, business ownership",SE9a Are you currently self-employed?,likert_4,4,0.8,False,se9a are you currently self-employed?,1,132.0
SE9b,Employment,"business size, number of employees",SE9b How many people does your business employ?,ordinal,4,0.5,False,se9b how many people does,1,132.0
SE9c,Employment Status,"job type, current employment",SE9c Here is a list of different types of jobs. Which type of job do you have now?,scale_10,11,0.8,False,se9c here is a list,1,132.0
SE9d,Employment Status,"employment status, job seeking",SE9d Are you currently seeking employment?,likert_3,3,0.8,True,se9d are you currently seeking,1,132.0
SE9e,Employment Status,"current status, employment status",SE9e What is your current status?,likert_6,6,0.8,False,se9e what is your current,1,132.0
SE9eother,Employment Status,"current status, employment status","SE9e. Other specify responses 

Variable: SE10 
  Question: SE10 Are you the main earner in your household?",binary,2,0.8,True,se9e. other specify responses variable:,1,132.0
Se10c_3,Unknown,,SE10c_3 Extended application. Elite vs. Mass,binary,2,0.8,False,se10c_3 extended application. elite vs.,1,132.0
Se10c_4,Unknown,,SE10c_4 Extended application. White vs. blue collar,binary,2,0.8,False,se10c_4 extended application. white vs.,1,132.0
Se9c_3,Unknown,,SE9c_3 Extended application. Elite vs. Mass,binary,2,0.8,False,se9c_3 extended application. elite vs.,1,132.0
Se9c_4,Unknown,,SE9c_4 Extended application. White vs. blue collar,binary,2,0.8,False,se9c_4 extended application. white vs.,1,132.0
YEAR,Survey Administration,"interview year, survey timing","Interview year 

Variable: MONTH 
  Question: Interview month",categorical,12,0.8,False,interview year variable: month question:,1,132.0
q1,Economic Perception,"economic condition, national level, current evaluation",1 How would you rate the overall economic condition of our country today?,likert_5,5,0.8,True,1 how would you rate,1,132.0
q10,Political Perception,"political parties, evaluation, general perception",10 Political parties [not any specific party],likert_4,4,0.8,True,10 political parties [not any,1,132.0
q100,Election and Governance,"elections, government accountability, citizen participation","99 Citizens are able to remove a government they don't like through elections. 100  In our country, parties and candidates not in power have opportunities to be elected into government.",likert_4,4,0.8,False,don't like through elections. 100,1,132.0
q101,Election and Governance,"government accountability, responsibility, temporal comparison","99 Citizens are able to remove a government they don't like through elections. 101  Between elections, the people have no way of holding the government responsible for its actions.",likert_4,4,0.8,False,don't like through elections. 101,1,132.0
q102,Judicial Independence,"judicial independence, rule of law, government accountability","99 Citizens are able to remove a government they don't like through elections. 102  When government leaders break the laws, there is nothing the court can do.",likert_4,4,0.8,False,don't like through elections. 102,1,132.0
q103,Ethnic Equality,"equality, treatment, ethnic communities",99 Citizens are able to remove a government they don't like through elections. 103  All citizens from different ethnic communities in the [Country X] are treated equally by the government.,likert_4,4,0.8,False,don't like through elections. 103,1,132.0
q104,Social Equality,"equality, treatment, income inequality",99 Citizens are able to remove a government they don't like through elections. 104  Rich and poor people are treated equally by the government.,likert_4,4,0.8,False,don't like through elections. 104,1,132.0
q105,Basic Needs Satisfaction,"basic needs, satisfaction, living standards","99 Citizens are able to remove a government they don't like through elections. 105  People have basic necessities like food, clothes, and shelter.",likert_4,4,0.8,False,don't like through elections. 105,1,132.0
q106,Freedom of Speech,"freedom of speech, expression, government control",99 Citizens are able to remove a government they don't like through elections. 106  People are free to speak what they think without fear.,likert_4,4,0.8,False,don't like through elections. 106,1,132.0
q107,Freedom of Association,"freedom of association, organization, government control",99 Citizens are able to remove a government they don't like through elections. 107  People can join any organization they like without fear.,likert_4,4,0.8,False,don't like through elections. 107,1,132.0
q108,Government Transparency,"transparency, information, government accountability",108 How often do government officials withhold important information from the public?,likert_5,5,0.8,True,108 how often do government,2,46.66904755831214
q109,Trust in Government,"government transparency, official behavior, public perception",108 How often do government officials withhold important information from the public? 109 How often do you think government leaders break the law or abuse their power?,likert_5,5,0.8,True,information from the public? 109,1,132.0
q11,Government Institutions,"parliament, government structure",11 Parliament,likert_4,4,0.8,True,11 parliament,1,92.4
q110,Trust in Government,"election fairness, party choice, democratic process",110 How often do you think our elections offer the voters a real choice between different parties/candidates?,likert_4,4,0.8,True,110 how often do you,1,132.0
q111,Trust in Government,"legislative power, government accountability, checks and balances",111 To what extent is the legislature capable of keeping government leaders in check?,likert_4,4,0.8,False,111 to what extent is,1,132.0
q112,Trust in Government,"government responsiveness, public needs, citizen satisfaction",112 How well do you think the government responds to what people want?,likert_4,4,0.8,False,you think the government responds,1,132.0
q113,Trust in Government,"election impact, government accountability, responsive governance",113 How much do you feel that having elections make the government more responsive to people's needs?,likert_4,4,0.8,True,you feel that having elections,1,132.0
q114,Trust in Government,"government effectiveness, policy implementation, law enforcement",114 How capable is the government of enforcing laws and implementing policies?,likert_4,4,0.8,False,how capable is the government,1,132.0
q115,Corruption Perception,"corruption prevalence, bribery, governmental corruption",115 How widespread do you think corruption and bribe-taking are in your local/municipal government?,likert_5,5,0.8,False,115 how widespread do you,2,46.66904755831214
q116,Corruption Perception,"corruption prevalence, bribery, governmental corruption",115 How widespread do you think corruption and bribe-taking are in your local/municipal government? 116 How widespread do you think corruption and bribe-taking are in the national government?,likert_5,5,0.8,False,your local/municipal government? 116 how,1,132.0
q117,Corruption Perception,"corruption crackdown, government effectiveness, anti-corruption efforts",117 How effective is the government in cracking down on corruption?,likert_4,4,0.8,False,how effective is the government,1,132.0
q118,Corruption and Governance,"corruption, bribery, government accountability",118 Have you or anyone you know personally witnessed an act of corruption or bribe-taking by a politician or government official in the past year?,binary,2,0.8,True,118 have you or anyone,1,132.0
q119a,Corruption and Governance,"personal experience, witness, information source",119a Did you personally witness it or were you told about it by a family member or friend who personally witnessed? Personally witnessed,binary,2,0.8,True,friend who personally witnessed? personally,1,132.0
q119b,Corruption and Governance,"personal experience, witness, information source",119a Did you personally witness it or were you told about it by a family member or friend who personally witnessed? 119b Did you personally witness it or were you told about it by a family member or friend who personally witnessed? Told about it by a family member who personally witnessed,binary,2,0.8,True,friend who personally witnessed? 119b,1,132.0
q119c,Corruption and Governance,"personal experience, witness, information source",119a Did you personally witness it or were you told about it by a family member or friend who personally witnessed? 119c Did you personally witness it or were you told about it by a family member or friend who personally witnessed? Told about it by a friend who personally witnessed,binary,2,0.8,True,friend who personally witnessed? 119c,1,132.0
q12,Public Service,"civil service, public administration",12 Civil Service,likert_4,4,0.8,True,12 civil service,1,132.0
q120,Economic Perception,"economic condition, national level, current evaluation",120 Where would you place China today on this scale?,ordinal,2,0.5,False,120 where would you place,4,16.5
q121,Economic Perception,"economic condition, national level, current evaluation",120 Where would you place China today on this scale? 121 Where would you place the United States of America today on this scale?,ordinal,2,0.5,False,today on this scale? 121,1,132.0
q122,Economic Perception,"economic condition, national level, current evaluation",120 Where would you place China today on this scale? 122 Where would you place Japan today on this scale?,ordinal,2,0.5,False,today on this scale? 122,1,132.0
q123,Economic Perception,"economic condition, national level, current evaluation",120 Where would you place China today on this scale? 123 Where would you place India today on this scale?,ordinal,2,0.5,False,today on this scale? 123,1,132.0
q124,Economic Perception,"economic condition, national level, current evaluation",124 Which of the following statements comes closest to your own opinion?,likert_3,3,0.8,True,124 which of the following,1,132.0
q125,Political Perception,"evaluation, temporal comparison, personal view",125 Which of the following statements comes closer to your own view?,binary,2,0.8,False,125 which of the following,1,132.0
q126,Value Prioritization,"democracy, economic development, value comparison","126 If you had to choose between democracy and economic development, which would you say is more important?",likert_5,5,0.8,False,had to choose between democracy,1,132.0
q127,Value Prioritization,"economic inequality, political freedom, value comparison","127 If you had to choose between reducing economic inequality and protecting political freedom, which would you say is more important?",likert_5,5,0.8,False,had to choose between reducing,1,132.0
q128,Political Perception,"democracy, evaluation, government form","128 Do you agree or disagree with the following statement: 'Democracy may have its problems, but it is still the best form of government's?",likert_4,4,0.8,False,128 do you agree or,1,132.0
q129,Political System,"leadership, parliament, elections",129 We should get rid of parliament and elections and have a strong leader to decide things.,likert_4,4,0.8,False,129 we should get rid,4,16.5
q13,Unknown,,13 The military or armed forces,likert_4,4,0.8,True,13 the military or armed,1,132.0
q130,Political System,"single-party system, elections, office holding",129 We should get rid of parliament and elections and have a strong leader to decide things. 130 Only one political party is allowed to stand for election and hold office.,likert_4,4,0.8,False,leader to decide things. 130,1,132.0
q131,Military Intervention,"military, governance, country",129 We should get rid of parliament and elections and have a strong leader to decide things. 131 The army (military) should come in to govern the country.,likert_4,4,0.8,False,leader to decide things. 131,1,132.0
q132,Expert Governance,"experts, decision making, representation",129 We should get rid of parliament and elections and have a strong leader to decide things. 132 We should get rid of elections and parliaments and have experts make decisions on behalf of the people.,likert_4,4,0.8,False,leader to decide things. 132,1,132.0
q133,Political Participation,"participation, politics, ability",133 I think I have the ability to participate in politics.,likert_4,4,0.8,False,133 i think i have,5,11.806438921198891
q134,Trust in Government,"participation in politics, perceived complexity, understanding",133 I think I have the ability to participate in politics. 134 Sometimes politics and government seems so complicated that a person like me can't really understand what is going on.,likert_4,4,0.8,False,participate in politics. 134 sometimes,1,132.0
q135,Trust in Government,"participation in politics, influence, perceived powerlessness",133 I think I have the ability to participate in politics. 135 People like me don't have any influence over what the government does.,likert_4,4,0.8,False,participate in politics. 135 people,1,132.0
q136,Trust in Government,"trust, government integrity",133 I think I have the ability to participate in politics. 136 You can generally trust the people who run our government to do what is right.,likert_4,4,0.8,False,participate in politics. 136 you,1,132.0
q137,National Identity,"loyalty, patriotism, nationalism","133 I think I have the ability to participate in politics. 137 A citizen should always remain loyal only to his country, no matter how imperfect it is or what wrong it has done.",likert_4,4,0.8,False,politics. 137 a citizen should,1,132.0
q138,Health Perception,"Covid-19, personal health experience",138 Have you or your family members previously contracted the Covid-19 virus?,binary,2,0.8,True,you or your family members,1,132.0
q139a,Health Perception,"serious illness or death, personal health experience",139a Did you or a member of your family suffer from serious illness or death?,binary,2,0.8,True,member of your family suffer,4,16.5
q139b,Economic Perception,"job loss, economic hardship",139a Did you or a member of your family suffer from serious illness or death? 139b Did you or a member of your family suffer from loss of job,binary,2,0.8,True,serious illness or death? 139b,1,132.0
q139c,Economic Perception,"household income, economic hardship",139a Did you or a member of your family suffer from serious illness or death? 139c Did you or a member of your family suffer from loss of household income?,binary,2,0.8,True,serious illness or death? 139c,1,132.0
q139d,Economic Perception,"education disruption, economic hardship",139a Did you or a member of your family suffer from serious illness or death? 139d Did you or a member of your family suffer from disruption of my kids' education?,binary,2,0.8,True,serious illness or death? 139d,1,132.0
q14,Law Enforcement Perception,police,14 The police,likert_4,4,0.8,True,14 the police,1,132.0
q140,Covid-19 Impact on Livelihood,"livelihood, covid-19 impact, temporal comparison","140 Thinking of the negative impact of Covid-19 on your family's livelihood, how serious it is in your view?",ordinal,5,0.5,False,140 thinking of the negative,1,132.0
q141,Government Information Trust,"government information, trust, evaluation",141 How much do you trust the Covid-19 related information provided by the government?,likert_5,5,0.8,True,do you trust the covid-19,1,132.0
q142,Government Handling of Pandemic,"government handling, pandemic, evaluation",142 How well or badly do you think the government handled the pandemic?,likert_4,4,0.8,False,142 how well or badly,1,132.0
q143a,Government Response to Public Health Challenges,"government response, public health challenges, evaluation","143aWhen there is a public health challenge like the coronavirus, is it justifiable for the government to postpone elections?",likert_3,3,0.8,True,143awhen there is a public,5,11.806438921198891
q143b,Government Response to Public Health Challenges,"government response, public health challenges, evaluation, freedom of speech","143aWhen there is a public health challenge like the coronavirus, is it justifiable for the government to postpone elections? 143b To limit freedom of speech or assembly",likert_3,3,0.8,True,government to postpone elections? 143b,1,132.0
q143c,Government Response to Public Health Challenges,"government response, public health challenges, evaluation, media censorship","143aWhen there is a public health challenge like the coronavirus, is it justifiable for the government to postpone elections? 143c To censor the media",likert_3,3,0.8,True,government to postpone elections? 143c,1,132.0
q143d,Government Response to Public Health Challenges,"government response, public health challenges, evaluation, location tracking","143aWhen there is a public health challenge like the coronavirus, is it justifiable for the government to postpone elections? 143d To track citizens’ locations at all times",likert_3,3,0.8,True,government to postpone elections? 143d,1,132.0
q143e,Government Response to Public Health Challenges,"government response, public health challenges, evaluation, lockdown","143aWhen there is a public health challenge like the coronavirus, is it justifiable for the government to postpone elections? 143e To impose a lockdown for a long time",likert_3,3,0.8,True,government to postpone elections? 143e,1,132.0
q144,Covid-19 Vaccination,"covid-19 vaccination, vaccination status",144 Have you been vaccinated against Covid-19?,likert_5,5,0.8,True,144 have you been vaccinated,1,132.0
q145,Reasons for Not Being Vaccinated,"vaccination refusal, reasons for not being vaccinated",145 Why do you prefer not to be vaccinated against Covid-19?,likert_6,6,0.8,False,145 why do you prefer,1,132.0
q145other,Unknown,,"145. Other specify responses 

Variable: q146 
  Question: 146 I have here other statements: Women should not be involved in politics as much as men",likert_4,4,0.8,False,145. other specify responses variable:,1,132.0
q147,Social Attitudes and Politics,"role of religion in government, separation of church and state","Other specify responses 

Variable: q146 
  Question: 146 I have here other statements: Women should not be involved in politics as much as men 147 The government should consult religious authorities when interpreting the laws.",likert_4,4,0.8,False,as much as men 147,1,132.0
q148,Social Attitudes and Politics,"education and politics, equality of voting rights","Other specify responses 

Variable: q146 
  Question: 146 I have here other statements: Women should not be involved in politics as much as men 148 People with little or no education should have as much say in politics as highly-educated people.",likert_4,4,0.8,False,as much as men 148,1,132.0
q149,Social Attitudes and Politics,"leadership and authority, obedience to authority","Other specify responses 

Variable: q146 
  Question: 146 I have here other statements: Women should not be involved in politics as much as men 149 Government leaders are like the head of a family; we should all follow their decisions.",likert_4,4,0.8,False,as much as men 149,1,132.0
q15,Government and Politics,"local government, municipal administration",15 Local government,likert_4,4,0.8,True,15 local government,1,132.0
q150,Social Attitudes and Politics,"censorship and free speech, government control of ideas","Other specify responses 

Variable: q146 
  Question: 146 I have here other statements: Women should not be involved in politics as much as men 150 The government should decide whether certain ideas should be allowed to be discussed in society.",likert_4,4,0.8,False,as much as men 150,1,132.0
q151,Social Attitudes and Politics,"group organization and community harmony, collective rights","Other specify responses 

Variable: q146 
  Question: 146 I have here other statements: Women should not be involved in politics as much as men 151 Harmony of the community will be disrupted if people organize lots of groups.",likert_4,4,0.8,False,as much as men 151,1,132.0
q152,Social Attitudes and Politics,"judicial independence, executive power","Other specify responses 

Variable: q146 
  Question: 146 I have here other statements: Women should not be involved in politics as much as men 152 When judges decide important cases, they should accept the view of the executive branch.",likert_4,4,0.8,False,as much as men 152,1,132.0
q153,Social Attitudes and Politics,"separation of powers, executive-legislative relations","Other specify responses 

Variable: q146 
  Question: 146 I have here other statements: Women should not be involved in politics as much as men 153 If the government is constantly checked by the legislature, it cannot possibly accomplish great things.",likert_4,4,0.8,False,as much as men 153,1,132.0
q154,Social Attitudes and Politics,"leadership and morality, authoritarianism","Other specify responses 

Variable: q146 
  Question: 146 I have here other statements: Women should not be involved in politics as much as men 154 If we have political leaders who are morally upright, we can let them decide everything.",likert_4,4,0.8,False,as much as men 154,1,132.0
q155,Social Perception,"social role, gender equality, evaluation","Other specify responses 

Variable: q146 
  Question: 146 I have here other statements: Women should not be involved in politics as much as men 155 If people have too many different ways of thinking, society will be chaotic.",likert_4,4,0.8,False,as much as men 155,1,132.0
q156,Globalization and Trade,"country development, international cooperation, evaluation",156 Choose one statement.,binary,2,0.8,False,156 choose one statement.,1,132.0
q156_1,Globalization and Trade,"country development, international cooperation, evaluation",156_1 Our country should do more to learn from other countries(q156+q156a),likert_4,4,0.8,False,156_1 our country should do,1,132.0
q156a,Globalization and Trade,"country development, international cooperation, evaluation, strength of agreement",156a Do you strongly agree or just agree with the chosen statement?,binary,2,0.8,False,156a do you strongly agree,1,132.0
q157,Globalization and Trade,"country development, international cooperation, evaluation",157 Choose one statement.,binary,2,0.8,True,157 choose one statement.,1,132.0
q157_1,Globalization and Trade,"country development, international cooperation, evaluation",157_1 Our country should do more trade with other countries(q157+q157a),likert_4,4,0.8,False,157_1 our country should do,1,132.0
q157a,Globalization and Trade,"country development, international cooperation, evaluation, strength of agreement",157a Do you strongly agree or just agree with the chosen statement?,binary,2,0.8,False,157a do you strongly agree,1,132.0
q158,Immigration Policy,"immigration, government policy, evaluation",158 Do you think the government should increase or decrease the inflow of foreign immigrants into the country.,likert_4,4,0.8,False,think the government should increase,1,132.0
q159,Economic Perception,"income distribution, evaluation, fairness",159 How fair do you think income distribution in Mongolia,likert_4,4,0.8,False,159 how fair do you,1,132.0
q16,Election and Governance,"election commission, evaluation",16 The election commission,likert_4,4,0.8,True,16 the election commission,1,132.0
q160a,Economic Inequality,"economic inequality, social welfare, income distribution",160a Narrow the gap between the rich and the poor,likert_4,4,0.8,False,160a narrow the gap between,1,132.0
q160b,Economic Inequality,"affordable housing, income distribution, social welfare",160b Make sure that everyone has affordable housing,likert_4,4,0.8,False,160b make sure that everyone,1,132.0
q160c,Healthcare Accessibility,"healthcare accessibility, basic medical care, social welfare",160c Make sure that everyone has access to basic medical care,likert_4,4,0.8,False,160c make sure that everyone,1,132.0
q160d,Basic Needs Satisfaction,"basic necessities, food security, shelter security",160d Make sure that basic necessities such as food and shelters are provided for everyone,likert_4,4,0.8,False,160d make sure that basic,1,132.0
q161,Financial Security,"income stability, financial worry, temporal comparison",161 How worried are you that your family might lose its major source of income within the next 12 months?,likert_4,4,0.8,False,161 how worried are you,1,132.0
q162,Financial Security,"income loss, financial vulnerability, temporal comparison","162 The following is a hypothetical question: If you were unfortunate enough to lose your main source of income, how serious would it be for you and your family?",likert_3,3,0.8,False,following is a hypothetical question:,1,132.0
q163,Perceived Fairness,"income fairness, perceived fairness, evaluation","163 Considering all the effort that you and your family members have made in the past, do you think the income that your family currently receives is fair or not fair?",likert_4,4,0.8,False,163 considering all the effort,1,132.0
q164,Social Mobility,"social mobility, opportunity comparison, generational comparison","164 As compared to my parent's generation, my generation has more or fewer opportunities to improve the standard of living or   social status?",likert_5,5,0.8,False,164 as compared to my,1,132.0
q165,Intergenerational Comparison,"intergenerational comparison, life quality comparison, temporal comparison",165 Will the next generation have had a better or worse life than our generation?,likert_5,5,0.8,False,165 will the next generation,1,132.0
q166,National Pride,"national pride, citizenship evaluation, evaluation",166 How proud are you to be a citizen of (COUNTRY)? Are you...,likert_4,4,0.8,False,166 how proud are you,1,132.0
q167,International Mobility,"willingness, international relocation","167 Given the chance, how willing would you be to go and live in another country?",likert_4,4,0.8,False,"167 given the chance, how",1,132.0
q168,Trust in Government,"leadership style, parliamentary power","168 In order to solve the country’s urgent problems, a leader can govern the country by decrees and disregard the parliament if necessary",likert_4,4,0.8,False,168 in order to solve,4,16.5
q169,Trust in Government,"leadership style, elections, economic condition","168 In order to solve the country’s urgent problems, a leader can govern the country by decrees and disregard the parliament if necessary 169 As long as a government can solve our country’s economic problem, it does not matter if the government holds regular elections or not",likert_4,4,0.8,False,parliament if necessary 169 as,1,132.0
q17,Social Perception,"non-government organizations, NGOs",17 Non-government organizations or NGOs,likert_4,4,0.8,True,17 non-government organizations or ngos,1,132.0
q170,Trust in Government,"leadership style, rule breaking","168 In order to solve the country’s urgent problems, a leader can govern the country by decrees and disregard the parliament if necessary 170This country needs a leader who can break the rules if necessary to get things done",likert_4,4,0.8,False,parliament if necessary 170this country,1,132.0
q171,Trust in Government,"leadership style, democracy, stability","168 In order to solve the country’s urgent problems, a leader can govern the country by decrees and disregard the parliament if necessary 171 As long as the government can maintain order and stability in the country, it does not matter whether it is democratic or undemocratic",likert_4,4,0.8,False,parliament if necessary 171 as,1,132.0
q172a,Emergency Powers and Human Rights,"emergency powers, human rights, public health crisis",172a Which circumstance would justify the governments's use of emergency powers to costrain rights and freedom: A public health crisis like the Covid-19 pandemic,likert_4,4,0.8,False,172a which circumstance would justify,5,11.806438921198891
q172b,Emergency Powers and Human Rights,"emergency powers, human rights, economic crisis",172a Which circumstance would justify the governments's use of emergency powers to costrain rights and freedom: A public health crisis like the Covid-19 pandemic 172b An economic crisis that has caused the loss of many jobs,likert_4,4,0.8,False,like the covid-19 pandemic 172b,1,132.0
q172c,Emergency Powers and Human Rights,"emergency powers, human rights, corruption",172a Which circumstance would justify the governments's use of emergency powers to costrain rights and freedom: A public health crisis like the Covid-19 pandemic 172c Widespread corruption that the president [PM] claims can only be reduced by increasing executive power,likert_4,4,0.8,False,like the covid-19 pandemic 172c,1,132.0
q172d,Emergency Powers and Human Rights,"emergency powers, human rights, security crisis",172a Which circumstance would justify the governments's use of emergency powers to costrain rights and freedom: A public health crisis like the Covid-19 pandemic 172d A security crisis due to social unrest or terrorism,likert_4,4,0.8,False,like the covid-19 pandemic 172d,1,132.0
q172e,Trust in Government,"emergency powers, rights and freedoms, public health crisis, war",172a Which circumstance would justify the governments's use of emergency powers to costrain rights and freedom: A public health crisis like the Covid-19 pandemic 172e The country is at war,likert_4,4,0.8,False,like the covid-19 pandemic 172e,1,132.0
q173,International Relations,"country influence, geographic region, Asia",173 Which country has the most influence in Asia?,likert_5,5,0.8,False,country has the most influence,1,132.0
q173other,Unknown,,"173. Other specify responses 

Variable: q174 
  Question: 174 Does USA do more good or harm to the Asia?",likert_4,4,0.8,False,173. other specify responses variable:,1,132.0
q175,International Relations,"US influence on world affairs, evaluation, temporal comparison","175 Generally speaking, the influence the United States today has on world affairs is?",likert_6,6,0.8,True,"175 generally speaking, the influence",1,132.0
q176,International Relations,"China influence on Asia, evaluation, good or harm",176 Does China do more good or harm to the Asia?,likert_4,4,0.8,False,176 does china do more,1,132.0
q177,International Relations,"China influence on world affairs, evaluation, temporal comparison","177 Generally speaking, the influence China today has on world affairs is?",likert_6,6,0.8,True,"177 generally speaking, the influence",2,46.66904755831214
q178,International Relations,"EU influence on world affairs, evaluation, temporal comparison","177 Generally speaking, the influence China today has on world affairs is? 178 Generally speaking, the influence the E.U. today has on world affairs is?",likert_6,6,0.8,True,world affairs is? 178 generally,1,132.0
q179,International Relations,"country influence in Asia, temporal comparison, future projection","179  In ten years, which country will have the most influence in Asia?",likert_5,5,0.8,False,"179 in ten years, which",1,132.0
q179other,Unknown,,"179. Other specify responses 

Variable: q180 
  Question: 180 Which country should be a model for our own country's future development?",likert_7,7,0.8,False,179. other specify responses variable:,1,132.0
q18,Demographics,organization membership,18 Name of the organization you belong to. First,categorical,21,0.8,False,18 name of the organization,1,132.0
q180other,International Relations,"influence, country, China","180. Other sepcify responses 

Variable: q181 
  Question: 181 How much influence does China have on our country?",likert_4,4,0.8,False,180. other sepcify responses variable:,1,132.0
q182,International Relations,"influence, country, China, evaluation, temporal comparison","182 Generally speaking, the influence China has on our country is?",likert_6,6,0.8,True,"182 generally speaking, the influence",1,132.0
q183,International Relations,"influence, country, USA",183 How much influence does USA have on our country?,likert_4,4,0.8,False,183 how much influence does,1,132.0
q184,International Relations,"influence, country, USA, evaluation, temporal comparison","184 General speaking, the influence USA has on our country is?",likert_6,6,0.8,True,"184 general speaking, the influence",1,132.0
q185,International Relations,"influence, aspect, major power",185 Which aspect of the major power’s influence and impact you have in mind when answering the above questions?,likert_6,6,0.8,False,which aspect of the major,1,132.0
q185Other,International Relations,"influence, aspect, major power, specifics","185. Other specify responses 

Variable: q186 
  Question: 186 How close do you feel to ASEAN? (ASEAN countries only)",likert_4,4,0.8,False,185. other specify responses variable:,1,132.0
q18_other,Organization Affiliation,"organization, affiliation","18 Other specify responses 

Variable: q19 
  Question: 19 Name of the organization you belong to. Second",categorical,21,0.8,False,18 other specify responses variable:,1,132.0
q19_other,Organization Affiliation,"organization, affiliation, specifics","19 Other specify responses 

Variable: q20 
  Question: 20 Name of the organization that you belong to. Third",categorical,21,0.8,False,19 other specify responses variable:,1,132.0
q2,Economic Perception,"economic condition, national level, current evaluation",2 How would you describe the change in the economic condition of our country over the last few years?,likert_5,5,0.8,False,2 how would you describe,2,46.66904755831214
q20_other,Organization Affiliation,"organization, affiliation, specifics","20 Other specify responses 

Variable: q21 
  Question: 21 Which organization you participate most actively in the last 12 months?'",categorical,21,0.8,False,20 other specify responses variable:,1,132.0
q21_other,Trust in People,"trust, evaluation, temporal comparison","21 Other specify responses 

Variable: q22 
  Question: 22 Would you say that 'Most people can be trusted' or 'that you must be very careful in dealing with people'?",binary,2,0.8,True,21 other specify responses variable:,1,132.0
q23,Trust in People,"trust, evaluation, temporal comparison",23 Do you agree with the statement that 'most people are trustworthy?',likert_4,4,0.8,False,you agree with the statement,1,132.0
q24,Trust in Specific Groups,"trust, evaluation, relationship",24 How much trust do you have in each of the following types of people? Your relatives,likert_4,4,0.8,True,following types of people? your,1,132.0
q25,Trust in Specific Groups,"trust, evaluation, relationship",24 How much trust do you have in each of the following types of people? 25 Trust in your neighbors,likert_4,4,0.8,True,following types of people? 25,1,132.0
q26,Trust in Specific Groups,"trust, evaluation, relationship",24 How much trust do you have in each of the following types of people? 26 Trust in other people you interact with,likert_4,4,0.8,True,following types of people? 26,1,132.0
q27,Trust in Specific Groups,"trust, evaluation, relationship",24 How much trust do you have in each of the following types of people? 27 Trust in people you meet for the first time,likert_4,4,0.8,True,following types of people? 27,1,132.0
q28,Social Network,"social contacts, frequency",28 How many people do you have contact with in a typical week day?,likert_5,5,0.8,False,28 how many people do,1,132.0
q29,Social Network,"social relationships, evaluation",29 Which of the following best describes your relations with most of your social contacts?,likert_4,4,0.8,False,29 which of the following,1,132.0
q3,Economic Perception,"economic condition, national level, current evaluation, future prediction",2 How would you describe the change in the economic condition of our country over the last few years? 3 What do you think will be the state of our country's economic condition a few years from now?,likert_5,5,0.8,False,last few years? 3 what,1,132.0
q30,Social Network and Politics,"social relationships, political views","30 Among these people you have frequent contacts, which of the following best describes the political views of these people?",likert_4,4,0.8,False,30 among these people you,1,132.0
q31,Social Support,"social support, help-seeking behavior, social network","31 If you have a difficult problem to manage, are there people outside your household you can ask for help?",likert_4,4,0.8,False,you have a difficult problem,1,132.0
q32,Social Tolerance,"social tolerance, interpersonal conflict, political disagreement","32 If you had friends or co-workers whose opinions on politics differed from yours, would you have a hard time conversing with them?",likert_4,4,0.8,False,32 if you had friends,1,132.0
q33,Voting Behavior,"voting behavior, civic engagement, political participation",33 Did you vote in the national election?,ordinal,4,0.5,True,you vote in the national,1,132.0
q34,Voting Behavior,"party affiliation, candidate preference, electoral choice",34 Which parties or candidates did you vote for?,categorical,41,0.8,False,34 which parties or candidates,1,132.0
q34other,Unknown,,"34. Other specify responses 

Variable: q34a 
  Question: 34a Did the respondent vote for the winning or losing camp?",likert_3,3,0.8,False,34. other specify responses variable:,1,132.0
q35,Voting Behavior,"campaign engagement, political activism, electoral participation",35 Did you attend a campaign meeting or rally in the last national election?,ordinal,4,0.5,True,did you attend a campaign,3,25.403411844343534
q36,Voting Behavior,"campaign engagement, political persuasion, electoral participation",35 Did you attend a campaign meeting or rally in the last national election? 36 Try to persuade others to vote for a certain candidate or party?,ordinal,4,0.5,True,last national election? 36 try,1,132.0
q37,Voting Behavior,"campaign engagement, political activism, electoral participation",35 Did you attend a campaign meeting or rally in the last national election? 37 Did you do anything else to help out or work for a party or candidate running in the last national election?,ordinal,4,0.5,True,last national election? 37 did,1,132.0
q38,Election Integrity,"election fairness, election freedom, electoral process","38 On the whole, how free and fair would you say the last national election was?",likert_4,4,0.8,False,"38 on the whole, how",1,132.0
q39,Service Accessibility,"public infrastructure, road conditions, service quality",39 How easy or difficult to obtain the roads in good condition,likert_4,4,0.8,True,39 how easy or difficult,2,46.66904755831214
q4,Economic Perception,"economic situation, family, evaluation, temporal comparison","4 As for your own family, how do you rate the economic situation of your family today?",likert_5,5,0.8,True,4 as for your own,1,132.0
q40,Service Accessibility,"infrastructure, condition, obtaining service",39 How easy or difficult to obtain the roads in good condition 40 How easy or difficult to obtain running water,likert_4,4,0.8,True,roads in good condition 40,1,132.0
q41,Service Accessibility,"public transportation, obtaining service",41 How easy or difficult to obtain public transportation,ordinal,5,0.5,True,41 how easy or difficult,5,11.806438921198891
q42,Service Accessibility,"healthcare, obtaining service",41 How easy or difficult to obtain public transportation 42 How easy or difficult to obtain healthcare,ordinal,5,0.5,True,obtain public transportation 42 how,1,132.0
q43,Service Accessibility,"police assistance, obtaining service",41 How easy or difficult to obtain public transportation 43 How easy or difficult to obtain help from the police when you need it,ordinal,5,0.5,True,obtain public transportation 43 how,1,132.0
q44,Service Accessibility,"Internet access, obtaining service",41 How easy or difficult to obtain public transportation 44 How easy or difficult to obtain access to the Internet,ordinal,5,0.5,True,obtain public transportation 44 how,1,132.0
q45,Service Accessibility,"childcare, obtaining service",41 How easy or difficult to obtain public transportation 45 How easy or difficult to obtain childcare,ordinal,5,0.5,True,obtain public transportation 45 how,1,132.0
q46,Safety Perception,"safety, living environment","46 Generally speaking, how safe is living in this city/town/village?",likert_4,4,0.8,False,"46 generally speaking, how safe",1,132.0
q47,Political Engagement,political interest,47 How interested would you say you are in politics?,likert_4,4,0.8,False,47 how interested would you,1,132.0
q48,Political Engagement,"news consumption, political awareness",48 How often do you follow news about politics and government?,likert_5,5,0.8,False,48 how often do you,1,132.0
q49,Unknown,,"49 When you get together with your family members or friends, how often do you discuss political matters?",likert_3,3,0.8,True,49 when you get together,1,132.0
q5,Unknown,,5 How would you compare the current economic condition of your family with what it was a few years ago?,likert_5,5,0.8,False,5 how would you compare,1,132.0
q50,Unknown,,"50 How often do you use the internet, either through computer, tablet or smartphone?",categorical,10,0.8,False,50 how often do you,1,132.0
q51a_Facebook,Unknown,,51a Which social media and text messaging services do you actively use? Facebook,binary,2,0.8,True,do you actively use? facebook,1,132.0
q51b_Twitter,Unknown,,51a Which social media and text messaging services do you actively use? 51b Twitter,binary,2,0.8,True,do you actively use? 51b,1,132.0
q51c_Instagram,Unknown,,51a Which social media and text messaging services do you actively use? 51c Instagram,binary,2,0.8,True,do you actively use? 51c,1,132.0
q51d_Youtube,Unknown,,51a Which social media and text messaging services do you actively use? 51d Youtube,binary,2,0.8,True,do you actively use? 51d,1,132.0
q51e_Tiktok,Unknown,,51a Which social media and text messaging services do you actively use? 51e Tiktok,binary,2,0.8,True,do you actively use? 51e,1,132.0
q51f_Messenger,Unknown,,q51f Messenger,binary,2,0.8,True,q51f messenger,1,92.4
q51g_Telegram,Unknown,,q51g Telegram,binary,2,0.8,True,q51g telegram,1,92.4
q51h_Line,Social Media Usage,"social media, platform, specific channel",q51h Line,binary,2,0.8,True,q51h line,1,92.4
q51i_Whatsapp,Social Media Usage,"social media, platform, specific channel",q51i Whatsapp,binary,2,0.8,True,q51i whatsapp,1,92.4
q51j_Snapchat,Social Media Usage,"social media, platform, specific channel",q51j Snapchat,binary,2,0.8,True,q51j snapchat,1,92.4
q51k_Vchat,Social Media Usage,"social media, platform, specific channel",q51k Vchat,binary,2,0.8,True,q51k vchat,1,92.4
q51l_Tumblr,Social Media Usage,"social media, platform, specific channel",q51l Tumblr,binary,2,0.8,True,q51l tumblr,1,92.4
q52a,Social Media Usage,"social media, frequency of use, social interaction",52a How often do you use social media to talk to or to connect with other people?,likert_4,4,0.8,True,52a how often do you,4,16.5
q52b,Social Media Usage,"social media, frequency of use, political expression",52a How often do you use social media to talk to or to connect with other people? 52b How often do you use social media to express my opinion on political issues?,likert_4,4,0.8,True,connect with other people? 52b,1,132.0
q52c,Social Media Usage,"social media, frequency of use, information sharing",52a How often do you use social media to talk to or to connect with other people? 52c How often do you use social media to share news or information?,likert_4,4,0.8,True,connect with other people? 52c,1,132.0
q52d,Social Media Usage,"social media, frequency of use, political influence",52a How often do you use social media to talk to or to connect with other people? 52d How often do you use social media to organize to influence politics?,likert_4,4,0.8,True,connect with other people? 52d,1,132.0
q53,Information Seeking,"information channel, political information, importance",53 Which one is the most important channel for you to find information about politics and government?,likert_6,6,0.8,False,one is the most important,1,132.0
q53other,Unknown,,"53. Other specify responses 

Variable: q54 
  Question: 54 Among the political parties listed here, which party if any do you feel closest to?",categorical,53,0.8,False,53. other specify responses variable:,1,132.0
q54other,Unknown,,"54. Other specify responses 

Variable: q55 
  Question: 55 How close do you feel to (answer in Q54)? Is it very close, somewhat close, or just a little close?",likert_3,3,0.8,False,54. other specify responses variable:,1,132.0
q56,Social Norms,"family values, personal interests, sacrifice","56 For the sake of the family, the individual should put his personal interests second.",likert_4,4,0.8,False,"family, the individual should put",12,3.1754264805429417
q57,Social Norms,"group dynamics, collective interest, sacrifice","56 For the sake of the family, the individual should put his personal interests second. 57 In a group, we should sacrifice our individual interest for the sake of the group's collective interest.",likert_4,4,0.8,False,his personal interests second. 57,1,132.0
q58,Social Norms,"national interest, individual interest, sacrifice","56 For the sake of the family, the individual should put his personal interests second. 58 For the sake of national interest, individual interest could be sacrificed.",likert_4,4,0.8,False,his personal interests second. 58,1,132.0
q59,Social Norms,"long-term relationships, immediate interest, priority","56 For the sake of the family, the individual should put his personal interests second. 59 When dealing with others, developing a long-term relationship is more important than securing one's immediate interest.",likert_4,4,0.8,False,his personal interests second. 59,1,132.0
q6,Economic Perception,"economic condition, national level, current evaluation, temporal comparison",6 What do you think the economic situation of your family will be a few years from now?,likert_5,5,0.8,False,you think the economic situation,1,132.0
q60,Social Norms,"parent-child relationships, obedience, authority","56 For the sake of the family, the individual should put his personal interests second. 60 Even if parents' demands are unreasonable, children still should do what they ask.",likert_4,4,0.8,False,his personal interests second. 60,1,132.0
q61,Social Norms,"family relationships, authority, obedience","56 For the sake of the family, the individual should put his personal interests second. 61 When a mother-in-law and a daughter-in-law come into conflict, even if the mother-in-law is in the wrong, the husband should still persuade his wife to obey his mother.",likert_4,4,0.8,False,his personal interests second. 61,1,132.0
q62,Social Norms,"authority, obedience, student-teacher relationships","56 For the sake of the family, the individual should put his personal interests second. 62 Being a student, one should not question the authority of their teacher.",likert_4,4,0.8,False,his personal interests second. 62,1,132.0
q63,Social Norms and Family Values,"family values, personal interests, social harmony","56 For the sake of the family, the individual should put his personal interests second. 63 In a group, we should avoid open quarrel to preserve the harmony of the group.",likert_4,4,0.8,False,his personal interests second. 63,1,132.0
q64,Social Norms and Conflict Resolution,"conflict resolution, social harmony, disagreement","56 For the sake of the family, the individual should put his personal interests second. 64 Even if there is some disagreement with others, one should avoid the conflict.",likert_4,4,0.8,False,his personal interests second. 64,1,132.0
q65,Social Norms and Teamwork,"teamwork, opinions, disagreement","56 For the sake of the family, the individual should put his personal interests second. 65 A person should not insist on his own opinion if his co-workers disagree with him.",likert_4,4,0.8,False,his personal interests second. 65,1,132.0
q66,Fate and Destiny,"fate, destiny, wealth and poverty","56 For the sake of the family, the individual should put his personal interests second. 66 Wealth and poverty, success and failure are all determined by fate.",likert_4,4,0.8,False,his personal interests second. 66,1,132.0
q67,Social Norms and Family Planning,"family planning, child preference, gender preference","56 For the sake of the family, the individual should put his personal interests second. 67 If one could have only one child, it is more preferable to have a boy than a girl.",likert_4,4,0.8,False,his personal interests second. 67,1,132.0
q68,Citizen Engagement and Government Interaction,"citizen engagement, government interaction, official contact","68 In the past three years, have you ever contacted elected officials or legislative representatives at any level?",likert_5,5,0.8,False,68 in the past three,1,132.0
q69,Citizen Engagement and Government Interaction,"government interaction, official contact, civil servant contact",69  Contacted civil servants or officials,likert_5,5,0.8,False,69 contacted civil servants or,1,132.0
q7,Trust in Government,"trust, executive office, government",7 Trust in the excutive office (president or prime minister),likert_4,4,0.8,True,7 trust in the excutive,1,132.0
q70,Citizen Engagement and Government Interaction,"government interaction, official contact, influential people contact","70  Contacted other influential people outside the government, such as traditional leaders/community leaders",likert_5,5,0.8,False,70 contacted other influential people,1,132.0
q71,Citizen Engagement and Government Interaction,"government interaction, official contact, news media contact",71  Contacted news media,likert_5,5,0.8,False,71 contacted news media,1,132.0
q72,Civic Engagement,"participation, petition, expression",72  Signed a paper or online petition?,likert_5,5,0.8,False,72 signed a paper or,6,8.981462390204985
q73,Civic Engagement,"participation, internet, social media, opinion expression",72  Signed a paper or online petition? 73  Used the Internet including Social Media Networks to express opinions about politics,likert_5,5,0.8,False,paper or online petition? 73,1,132.0
q74,Civic Engagement,"participation, group, cause, support",72  Signed a paper or online petition? 74  Joined a group to activiely support a cause [including online],likert_5,5,0.8,False,paper or online petition? 74,1,132.0
q75,Civic Engagement,"participation, face-to-face, problem resolution",72  Signed a paper or online petition? 75  Got together with others face-to face to try to resolve local problems,likert_5,5,0.8,False,paper or online petition? 75,1,132.0
q76,Civic Engagement,"participation, demonstration, protest",72  Signed a paper or online petition? 76  Attended a demonstration or protest march,likert_5,5,0.8,False,paper or online petition? 76,1,132.0
q77,Civic Engagement,"participation, risk, injury, cause",72  Signed a paper or online petition? 77  Taken an action or done something for a political cause that put you in risk of getting injured,likert_5,5,0.8,False,paper or online petition? 77,1,132.0
q78,Voting Behavior,"voting, frequency, election","78 Thinking of whether you voted or not ever since you became eligible for voting, how would you describe yourself-have you voted in every election, voted in most elections, voted in some elections or hardly ever voted?",likert_4,4,0.8,False,78 thinking of whether you,1,132.0
q79,Voting Behavior,"vote buying, corruption, election campaign","79 In recent years and thinking about election campaigns, has a candidate or someone from a political party or campaign team offered you something, like food, cash, a gift, or a job in return for your vote or support?",likert_3,3,0.8,True,79 in recent years and,1,132.0
q8,Justice System,courts,8 The courts,likert_4,4,0.8,True,8 the courts,1,132.0
q80,System Efficacy,"government capability, problem solving","80  Over the long run, our system of government is capable of solving the problems our country faces.",likert_4,4,0.8,False,"80 over the long run,",4,16.5
q81,Trust in Government,"government evaluation, pride, temporal comparison","80  Over the long run, our system of government is capable of solving the problems our country faces. 81  Thinking in general, I am proud of our system of government.",likert_4,4,0.8,False,problems our country faces. 81,1,132.0
q82,Trust in Government,"government support, problem solving, temporal comparison","80  Over the long run, our system of government is capable of solving the problems our country faces. 82  A system like ours, even if it runs into problems, deserves the people's support.",likert_4,4,0.8,False,problems our country faces. 82,1,132.0
q83,Trust in Government,"government preference, system evaluation, temporal comparison","80  Over the long run, our system of government is capable of solving the problems our country faces. 83  I would rather live under our system of government than any other that I can think of.",likert_4,4,0.8,False,problems our country faces. 83,1,132.0
q84,Trust in Government,"government performance, change, evaluation","84 Would you say our system of government works fine as it is, needs minor change, needs major change, or should be replaced?",likert_4,4,0.8,False,84 would you say our,1,132.0
q85,Concept of Democracy,"democracy characteristics, evaluation, choice",85 Which one would you choose as the most essential characteristics of a democracy: Set 1?,likert_4,4,0.8,False,85 which one would you,1,132.0
q86,Concept of Democracy,"democracy characteristics, evaluation, choice",86 Which one would you choose as the most essential characteristics of a democracy: Set 2?,likert_4,4,0.8,False,86 which one would you,1,132.0
q87,Concept of Democracy,"democracy characteristics, evaluation, choice",87 Which one would you choose as the most essential characteristics of a democracy: Set 3?,likert_4,4,0.8,False,87 which one would you,1,132.0
q88,Concept of Democracy,"democracy characteristics, evaluation, choice",88 Which one would you choose as the most essential characteristics of a democracy: Set 4?,likert_4,4,0.8,False,88 which one would you,1,132.0
q89,Concept of Democracy,"democracy meaning, evaluation, open-ended response","89 To you, what does “democracy” mean? (open-ended) <optional>",unknown,0,0.0,False,"89 to you, what does",1,132.0
q9,Government Structure,"government location, national level",9 National government in the capital city,likert_4,4,0.8,True,national government in the capital,1,132.0
q90,Trust in Government,"democracy, evaluation, temporal comparison","90 On the whole, how satisfied or dissatisfied are you with the way democracy works in the country?",likert_4,4,0.8,False,"90 on the whole, how",1,132.0
q91,Trust in Government,"democracy, evaluation, temporal comparison",91 In your opinion how much of a democracy is our country?,likert_4,4,0.8,False,91 in your opinion how,1,132.0
q92,Trust in Government,"government performance, evaluation",92 Where would you place our country under the present government?,ordinal,2,0.5,False,92 where would you place,3,25.403411844343534
q93,Trust in Government,"government performance, temporal comparison, evaluation",92 Where would you place our country under the present government? 93 Where would you place our country ten years ago?,ordinal,2,0.5,False,under the present government? 93,1,132.0
q94,Trust in Government,"government performance, temporal comparison, evaluation",92 Where would you place our country under the present government? 94 Where would you expect our country to be ten years from now?,ordinal,2,0.5,False,under the present government? 94,1,132.0
q95,Trust in Government,"democracy, evaluation",95 Where would you place our country today? Democracy is suitable or not,ordinal,2,0.5,False,95 where would you place,1,132.0
q96,Trust in Government,"government performance, evaluation",96 How satisfied or dissatisfied are you with the current president/government?,likert_4,4,0.8,False,96 how satisfied or dissatisfied,1,132.0
q97,Government Responsiveness,"government performance, problem identification",97 What are the most important problems facing this country that government should address? First,categorical,36,0.8,False,that government should address? first,1,132.0
q97aother,Government Responsiveness,"government performance, problem identification","97a. Other specify responses 

Variable: q97b 
  Question: 97b What are the most important problems facing this country that government should address? Third",categorical,37,0.8,False,97a. other specify responses variable:,1,132.0
q97bother,Government Responsiveness,"government performance, problem identification","97b. Other specify responses 

Variable: q98 
  Question: 98 How likely is it that the government will solve the most important problem you identified within the next five years?",likert_4,4,0.8,False,97b. other specify responses variable:,1,132.0
q97other,Unknown,,"97. Other specify responses 

Variable: q97a 
  Question: 97a What are the most important problems facing this country that government should address? Second",categorical,37,0.8,False,97. other specify responses variable:,1,132.0
q99,Government Accountability,"elections, government removal, democratic process",99 Citizens are able to remove a government they don't like through elections.,likert_4,4,0.8,False,citizens are able to remove,9,4.888888888888889
