Cluster_ID,Wave_Count,Avg_Confidence,Min_Confidence,W1_Vars,W2_Vars,W3_Vars,W4_Vars,W5_Vars,W6_Vars,Question_Text,Concepts,Domains
63,2,1.0000,1.0000,se005,se5,,,,,education,academic achievement; education; education level; knowledge acquisition; personal development,Demographic Characteristics; Education
113,4,1.0000,1.0000,,,q127,q128,q135,q127,"If you had to choose between reducing economic inequality and protecting political freedom, which would you say is more important?",economic inequality; political freedom; priority; priority evaluation,Governance Preference; Political Priority; Political Values
145,3,1.0000,1.0000,,,q62,,q69,q67,"If one could have only one child, it is more preferable to have a boy than a girl.",child preference; childbearing; family planning; gender preference,Social Attitudes; Social Preference
214,2,1.0000,1.0000,,,,,q123,q114,How capable is the government of enforcing laws and implementing policies?,government capability; government effectiveness; law enforcement; policy implementation,Government Capability; Trust in Government
222,2,1.0000,1.0000,,,,,q29,q29,Which of the following best describes your relations with most of your social contacts?,personal connections; quality of interaction; quality of interactions; social connections; social relationship,Social Connections; Social Interaction
58,2,1.0000,1.0000,se002,se2,,,,,gender,biological attribute; biological sex; gender; identity; individual characteristic,Demographic Characteristics; Demographics
62,2,1.0000,1.0000,q140,q142,,,,,The government should maintain ownership of major state-owned enterprises,economic control; economic policy; enterprise management; government control; state ownership,Economic Policy; Government Ownership and Control
71,5,1.0000,1.0000,,q116,q113,q115,q121,q112,How well do you think the government responds to what people want?,effectiveness; government response; government responsiveness; policy implementation; public needs,Government Responsiveness; Trust in Government
91,2,1.0000,1.0000,q101,q97,,,,,To what extent would you want our country to be democratic now?,country-level aspiration; current evaluation; current state; democracy; democratic desire,Desire for Democracy; Trust in Government
94,5,1.0000,1.0000,,country,country,country,COUNTRY,COUNTRY,Country Code,,Unknown
101,3,1.0000,1.0000,,,q159,q167,q180,,Which country should be a model for our own country's future development?,country aspiration; country model; development aspiration; development goal; future development,Development Model
144,2,1.0000,1.0000,,ir3a_4,ir3a_4HK,,,,Neighbors/Passers by,external presence; interview setting; neighbors; passers by; social encounter,Interview Environment; Social Interaction
149,3,1.0000,1.0000,,,q83,,q89,q83,I would rather live under our system of government than any other that I can think of.,alternative comparison; comparative evaluation; government comparison; government system; national loyalty,System Preference; System of Government Preference; Trust in Government
152,2,1.0000,1.0000,,ir3a_5,ir3a_5HK,,,,Party/Government Official,external presence; government official; institutional trust; interview setting; party,Interview Environment; Trust in Government
197,3,1.0000,1.0000,,,,idnumber,IDnumber,IDNUMBER,"case number 

Variable: region 
  Question: Region",,Unknown
208,2,1.0000,1.0000,,,,se7,SE7,,se7 Religiosity,faith commitment; religiosity; self-description; spiritual belief; spiritual practice,Religion and Spirituality; Religiosity
212,2,1.0000,1.0000,,,,ir1,Ir1,,ir1 Interviewer's number,,Unknown
215,2,1.0000,1.0000,,,,,q52,q53,Which one is the most important channel for you to find information about politics and government?,government; information channel; politics,Information Channel; Information Source
218,2,1.0000,1.0000,,,,,q40,q40,How easy or difficult to obtain running water,access to resources; accessibility; basic needs; ease of obtaining; running water,Service Accessibility
223,2,1.0000,1.0000,,,,,q30,q30,"Among these people you have frequent contacts, which of the following best describes the political views of these people?",political views; social contact; social contacts; social environment,Social Connections; Social Interaction
68,3,1.0000,1.0000,,q67,q149,q150,,,How closely do you follow major events in foreign countries/ the world?,global events; global interest; information seeking; international events; international knowledge,Global Awareness; International Awareness
82,2,1.0000,1.0000,"se006, relig1",se6,,,,,religion,affiliation; faith; personal belief; religion; spiritual affiliation,Demographic Characteristics; Religious Affiliation
95,2,1.0000,1.0000,fgnum,fgnum,,,,,Number of formal group,,Unknown
100,2,1.0000,1.0000,se003,,se3a_1a,,,,age group,age; age group; categorization; demographic classification; group categorization,Demographic Characteristics; Demographic Information
118,2,1.0000,1.0000,,ir3a_2,ir3a_2HK,,,,Children,children; children presence; family presence; family relationship; interview setting,Interview Environment
121,3,1.0000,1.0000,,,q52,,q60,q58,"For the sake of national interest, individual interest could be sacrificed.",individual interest; national interest; patriotism; personal sacrifice; sacrifice,National Interest; Social Norms and Collective Interest; Social Values
153,4,1.0000,1.0000,,,q110,q112,q118,q109,How often do you think government leaders break the law or abuse their power?,abuse of power; frequency evaluation; frequency of misconduct; government accountability; government integrity,Trust in Government
159,2,1.0000,1.0000,,,,,q27,q27,How much trust do you have in each of the following types of people? Trust in people you meet for the first time,first impression; initial interactions; strangers; trust,Trust in People
167,2,1.0000,1.0000,,,q152,q152,,,"Do you agree or disagree with the following statement: ""We should protect our farmers and workers by limiting the import of foreign goods.""",domestic industry; economic nationalism; protectionism; trade policy,Economic Policy; Economic Protectionism
195,2,1.0000,1.0000,,,q108,q110,,,Do officials who commit crimes go unpunished?,crime; government accountability; official accountability; punishment,Government Accountability; Trust in Government
203,2,1.0000,1.0000,,,,q139,q146,,Women should not be involved in politics as much as men,gender; gender roles; inequality; political participation; politics,Gender Equality
207,2,1.0000,1.0000,,,,q36,q36,,36. Try to persudae others to vote for a certain candidate or party?,candidate advocacy; candidate support; political influence; political persuasion; social influence,Political Influence; Political Participation
219,2,1.0000,1.0000,,,,,q41,q41,How easy or difficult to obtain public transportation,access to transportation; accessibility; ease of obtaining; mobility; public transportation,Service Accessibility
220,2,1.0000,1.0000,,,,,q42,q42,How easy or difficult to obtain healthcare,access to healthcare; accessibility; ease of obtaining; health services; healthcare,Service Accessibility
221,2,1.0000,1.0000,,,,,q44,q44,How easy or difficult to obtain access to the Internet,access to technology; accessibility; ease of obtaining; information; internet access,Service Accessibility
224,2,1.0000,1.0000,,,,,q165,q165,Will the next generation have had a better or worse life than our generation?,future evaluation; future outlook; generational comparison; generational progress; life quality,Intergenerational Outlook; Societal Progress
57,5,0.9993,0.9982,,q114,q111,q113,q119,q110,How often do you think our elections offer the voters a real choice between different parties/candidates?,choice; democratic process; elections; electoral choice; electoral competition,Democracy and Elections; Election Effectiveness; Election Integrity; Trust in Government
211,2,0.9989,0.9989,,,,,q80,q77,Taken an action or done something for a political cause that put you in a risk of getting injured,personal sacrifice; political activism; risk taking; social engagement,Political Participation; Social Participation
192,3,0.9982,0.9972,,,,q160,q164,q164,"As compared to my parent's generation, my generation has more or fewer opportunities to improve one's standard of living or social status?",generational comparison; intergenerational comparison; social mobility; social status; standard of living,Intergenerational Mobility; Social Mobility
150,4,0.9978,0.9967,,,q82,q85,q88,q82,"A system like ours, even if it runs into problems, deserves the people's support",citizen support; government evaluation; government loyalty; government system; problem tolerance,System Support; System of Government Support; Trust in Government
114,3,0.9969,0.9954,,,q51,,q59,q57,"In a group, we should sacrifice our individual interest for the sake of the groups collective interest.",collective interest; collectivism; group interest; individual interest; sacrifice,Group Dynamics; Social Norms and Collective Interest; Social Values
106,4,0.9968,0.9936,,,se10e,se10e,SE10E,SE10e,se10e What is his or her current status?,current employment status; current occupation; current status; current work situation; employment,Employment Status
52,4,0.9965,0.9948,,q109,q105,,q114,q105,"People have basic necessities like food, clothes, and shelter.",basic necessities; citizen well-being; poverty; standard of living; wellbeing,Basic Needs
108,4,0.9965,0.9931,,,se9e,se9e,SE9E,SE9e,SE9e What is your current status?,current situation; current status; employment situation; employment status; job circumstances,Employment Status
40,6,0.9962,0.9929,q139,q140,q147,q148,q155,q155,"If people have too many different ways of thinking, society will be chaotic.",chaos; diversity; diversity of thought; social cohesion; social diversity,Social Cohesion; Social Order
34,6,0.9959,0.9922,q132,q133,q140,q141,q148,q148,People with little or no education should have as much say in politics as highly-educated people,education; education level; educational background; educational equality; equal say,Political Equality; Social Equality
143,3,0.9958,0.9936,,,q59,,q66,q64,"Even if there is some disagreement with others, one should avoid the conflict.",conflict avoidance; disagreement; disagreement management; social cohesion,Conflict Resolution; Social Harmony
27,4,0.9954,0.9931,q142,q144,q151,q151,,,Our country should defend our way of life instead of becoming more and more like other countries.,cultural preservation; globalization; national identity; national pride; national sovereignty,National Identity; National Identity and Culture
210,2,0.9954,0.9954,,,,,q78,q75,Got together with others face-to-face to try to resolve local problems,community engagement; face-to-face interaction; local issues; problem resolution; problem solving,Community Engagement; Social Participation
66,4,0.9950,0.9925,,q110,q106,,q115,q106,People are free to speak what they think without fear.,censorship; citizen freedom; fear; fear of retribution; fearlessness,Freedom of Expression; Freedom of Speech
122,3,0.9946,0.9919,,,q81,,q87,q81,"Thinking in general, I am proud of our system of government.",evaluation; government evaluation; government system; national pride; pride,National Pride; System of Government Evaluation; Trust in Government
26,6,0.9946,0.9898,q138,q139,q146,q147,q154,q154,"If we have political leaders who are morally upright, we can let them decide everything.",authoritarianism; decision making; decision-making; decision-making authority; decision-making power,Leadership and Morality; Moral Leadership; Political Leadership; Trust in Government
129,4,0.9939,0.9877,,,ir12g,ir12g,IR12G,IR12g,"ir12g. Recreational facilities, e.g., a sports field",accessibility; community amenities; infrastructure; leisure; leisure activity,Recreational Facilities; Service Accessibility
156,2,0.9935,0.9935,,,q24,q25,,,"Do you think most people would try to take advantage of you if they got a chance, or would they try to be fair? (NEW)",exploitation; fairness; trust,Trust in People
97,4,0.9931,0.9861,,,ir12i,ir12i,IR12I,IR12i,IR12i Any town halls or community buildings that can be used for meetings,accessibility; community; community buildings; infrastructure; meeting spaces,Community Facilities; Service Accessibility
162,3,0.9928,0.9893,,,,q140,q147,q147,The government should consult religious authorities when interpreting the laws,governance; government decision-making; interpretation; law interpretation; legal interpretation,Church-State Relations; Religion and Governance
16,6,0.9927,0.9864,q134,q135,q142,q143,q150,q150,The government should decide whether certain ideas should be allowed to be discussed in society.,censorship; freedom of speech; government; government control; idea discussion,Freedom of Expression
1,6,0.9920,0.9851,q133,q134,q141,q142,q149,q149,Government leaders are like the head of a family; we should all follow their decisions,authoritarianism; authority; decision-making; decision-making authority; government leaders,Attitudes towards Authority; Authoritarianism; Authority and Obedience; Government Authority; Political Authority
115,4,0.9912,0.9823,,,ir12e,ir12e,IR12E,IR12e,ir12e. Health clinic,accessibility; health clinic; healthcare; healthcare accessibility; infrastructure,Healthcare Accessibility; Service Accessibility
128,4,0.9910,0.9820,,,ir12c,ir12c,IR12C,IR12c,IR12c. Police station,accessibility; infrastructure; law enforcement; neighborhood facility; police station,Public Safety; Service Accessibility
13,5,0.9908,0.9789,q064,q56,q55,,q62,q60,"Even if parents' demands are unreasonable, children still should do what they ask?",authority; family hierarchy; filial piety; intergenerational relations; obedience,Family Dynamics; Family Obligations; Family Values; Social Hierarchy
206,2,0.9905,0.9905,,,,,q39,q39,How easy or difficult to obtain the roads in good condition,accessibility evaluation; infrastructure quality; road condition,Infrastructure Accessibility; Infrastructure Evaluation
65,5,0.9897,0.9775,,q111,q107,q109,q116,q107,People can join any organization they like without fear.,citizen freedom; fear; fear of retribution; fearlessness; freedom,Freedom and Security; Freedom of Association
139,4,0.9891,0.9782,,,ir12d,ir12d,IR12D,IR12d,ir12d. Sewerage system that most houses could access,accessibility; infrastructure; infrastructure services; sanitation; sewerage system,Service Accessibility
116,2,0.9889,0.9778,,,"se8c, se8d",,,"ACTUAL_COUNT_INCLUDE, ACTUAL_COUNT_EXCLUDE","ACTUAL COUNT (INCLUDE servants, transients/boarders)",boarders; family members; household size; residency; servants,Household Composition; Unknown
39,6,0.9889,0.9791,q135,q136,q143,q144,q151,q151,Harmony of the community will be disrupted if people organize lots of groups,community; community harmony; group formation; group organization; harmony,Social Cohesion; Social Harmony; Social Order
38,6,0.9880,0.9776,q136,q137,q144,q145,q152,q152,"When judges decide important cases, they should accept the view of the executive branch",branch interaction; decision making; decision-making; executive influence; independence,Judicial Independence; Separation of Powers; Trust in Government
151,4,0.9872,0.9744,,,ir12f,ir12f,IR12F,IR12f,IR12f. Signal for cellular phone,accessibility; cellular phone signal; infrastructure; mobile network coverage; neighborhood coverage,Service Accessibility; Telecommunication Accessibility
6,2,0.9870,0.9870,q066,q58,,,,,"When one has conflict with a neighbor, the best way to deal with it is to accommodate the other person",accommodation; conflict management; neighborly relations,Conflict Resolution
29,6,0.9868,0.9683,q127,q128,q134,q135,q142,q134,Politics and government seems so complicated that a person like me can't really understand what is going on,complexity; frustration; government complexity; personal competence; personal understanding,Political Complexity; Political Efficacy; Trust in Government
125,4,0.9867,0.9734,,,q121,q122,q129,q121,Where would you place the United States of America today on this scale?,United States; United States of America; country evaluation; current assessment; democracy,Country Perception; Global Perception; International Perception; Political Regime Evaluation
138,4,0.9845,0.9690,,,ir12b,ir12b,IR12B,IR12b,ir12b. School,accessibility; education; education service; education services; infrastructure,Service Accessibility
130,4,0.9840,0.9680,,,se6,se6,SE6,SE6,SE6 Religion,faith; personal belief; religion; religious affiliation; spiritual affiliation,Religion; Religion and Spirituality; Religious Affiliation
137,4,0.9834,0.9668,,,ir12a,ir12a,IR12A,IR12a,IR12a. Post-office,accessibility; infrastructure; mail service; mail services; neighborhood facility,Service Accessibility
169,3,0.9832,0.9748,,,,q158,q162,q162,"The following is a hypothetical question: If your family were unfortunate enough to lose its main source of income, how serious would it be for your family?",family impact; family well-being; financial hardship; hypothetical scenario; income loss,Economic Resilience; Economic Security
31,5,0.9831,0.9640,q129,,q135,q136,q143,q135,People like me don't have any influence over what the government does.,citizen empowerment; citizen power; disenfranchisement; government; government responsiveness,Political Efficacy; Trust in Government
204,2,0.9817,0.9817,,,,,q109,q100,"In our country, parties and candidates not in power have opportunities to be elected into government",democratic process; election; election fairness; government accountability; opposition opportunities,Governance and Democracy; Trust in Government
51,5,0.9815,0.9617,q068,q59,q60,,q67,q65,A person should not insist on his own opinion if his co-workers disagree with him?,co-worker disagreement; compromise; conflict avoidance; conformity; cooperation,Collaboration and Teamwork; Social Harmony; Workplace Harmony
98,3,0.9811,0.9716,,,se2,se2,SE2,,se2 Gender,classification; gender; identity; personal characteristic,Demographic Characteristics; Demographic Information
83,4,0.9792,0.9584,,q57,q57,,q64,q62,"Being a student, one should not question the authority of their teacher.",authority; educational authority; educational setting; obedience; questioning,Authority and Education; Social Harmony; Social Hierarchy; Social Values
126,4,0.9772,0.9544,,,q122,q123,q130,q122,Where would you place Japan today on this scale?,Japan; country evaluation; current assessment; democracy; regime type,Country Perception; Global Perception; International Perception; Political Regime Evaluation
193,2,0.9768,0.9536,,,,"se9c_3, se10c_3","Se9c_3, Se10c_3",,se9c_3 Extended application. Elite vs. Mass,elite; elite status; mass; mass category; social class,Social Stratification; Unknown
90,5,0.9768,0.9613,,q112,q109,q111,q117,q108,How often do government officials withhold important information from the public?,government accountability; government officials; government transparency; information disclosure; information withholding,Government Transparency; Trust in Government
102,3,0.9765,0.9648,,,se5,se5,SE5,,SE5. EDUCATION,education level; educational attainment; educational background; personal achievement; qualification,Education
127,4,0.9751,0.9502,,,q123,q124,q131,q123,Where would you place India today on this scale?,India; country evaluation; current assessment; democracy; regime type,Country Perception; Global Perception; International Perception; Political Regime Evaluation
119,4,0.9748,0.9496,,,ir2c,ir2c,IR2c,IR2c,IR2c. What kind of language do you normally use at home?[Country-specific],communication; cultural background; home environment; home language; home usage,Language Usage; Language and Culture
85,5,0.9744,0.9356,,q31,q31,q32,q32,q32,"If you had friends or co-workers whose opinions on politics differed from yours, would you have a hard time conversing with them?",diverse opinions; interpersonal communication; opinion difference; political differences; political discussion,Social Interaction; Social Tolerance
176,3,0.9725,0.9588,,,,se15e,SE15E,SE15e,SE15e Scooter/Motorcycle/Moped<optional>,household possessions; ownership; transportation; transportation mode; two-wheeler access,Asset Ownership; Household Assets
30,4,0.9725,0.9461,q126,,,q134,q141,q133,I think I have the ability to participate in politics,ability; civic engagement; participation; personal ability; political participation,Political Efficacy
163,3,0.9716,0.9574,,,,se11a,Se11a,SE11a,se11a What is your racial or ethnic background,ethnic background; identity; racial background; racial identity,Demographic Characteristics; Unknown
200,2,0.9715,0.9715,,,,,q76,q73,Used the Internet including Social Media Networks to express opinions about politics,internet usage; internet use; online expression; political expression; social media,Citizen Engagement; Political Participation
87,5,0.9714,0.9269,,ir7,ir7,ir7,IR7,IR7,IR7 How sincere was the respondent when answering sensitive questions?,interview assessment; question sensitivity; respondent attitude; respondent honesty; response quality,Interview Experience; Respondent Behavior; Survey Quality; Unknown
50,6,0.9707,0.9416,ir005,ir5,ir5,ir5,IR5,IR5,Has the respondent ever felt impatient during the interview?,impatience; interview experience; interview process; respondent attitude; respondent behavior,Interview Experience; Respondent Behavior; Unknown
77,5,0.9685,0.9332,,q154,q154,q161,q166,q166,How proud are you to be a citizen of [Country],belongingness; citizenship; citizenship pride; country evaluation; national identity,National Pride
132,4,0.9679,0.9359,,,ir12h,ir12h,IR12H,IR12h,"ir12h. Any churches, mosques, temples or other public places of worship",accessibility; community facilities; infrastructure; public places; religion,Religious Facilities; Service Accessibility
184,3,0.9645,0.9467,,,,se15n,SE15N,SE15n,Se15n Goats/Sheep,agricultural activity; agriculture; animal husbandry; goats/sheep ownership; household amenities,Household Assets; Livestock Ownership
196,2,0.9627,0.9627,,,,q131,q138,,Only one political party should be allowed to stand for election and hold office.,anti-democratic sentiment; election; monopoly; party restriction; political party,Governance Preference; Trust in Government
67,5,0.9619,0.9048,,ir14,ir13,ir13,IR13,IR13,IR13. Which of the following levels within the country the respondent live?,administrative level; country level; geographic hierarchy; geographic location; location,Geographic Location
178,3,0.9617,0.9425,,,,se15h,SE15H,SE15h,Se15h Electric fan/cooler,appliance; comfort; comfort level; cooling; cooling system,Household Assets
76,5,0.9590,0.8975,,q153,q137,q138,q145,q137,"A citizen should always remain loyal only to his country, no matter how imperfect it is or what wrong it has done.",citizen allegiance; country; country devotion; country evaluation; loyalty,National Loyalty
161,3,0.9585,0.9378,,,,se15o,SE15O,SE15o,SE15o Cows/Buffalo<optional>,animal husbandry; buffalo; cattle; cows/buffalo ownership; household amenities,Agricultural Assets; Agricultural Livestock; Household Assets
134,5,0.9585,0.7537,,ir12b,ir11b,ir11b_2,IR11b,IR11b,ir11b  Please identify the main source of drinking water in the household?,basic service availability; basic services; drinking water; drinking water quality; drinking water source,Environmental Conditions; Service Accessibility
109,4,0.9582,0.9163,,,level3,level,Level,LEVEL,Rural or urban,geographic classification; residence type; rural; urban; urban-rural,Geographic Location; Unknown
174,3,0.9572,0.9359,,,,se15c,SE15C,SE15c,Se15c Color or B/W Television,asset ownership; electronic asset; electronic device ownership; electronic devices; entertainment access,Asset Ownership; Household Assets
24,6,0.9544,0.9078,ir006,ir6,ir6,ir6,IR6,IR6,How cooperative was the respondent during the interview?,cooperation; cooperation level; interview experience; interview process; interview quality,Interview Experience; Interview Quality; Respondent Behavior; Unknown
180,3,0.9542,0.9312,,,,se15j,SE15J,SE15j,SE15j Radio/Transistor<optional>,entertainment; entertainment access; household amenities; information; information access,Household Assets
187,2,0.9540,0.9079,,,,"se9c_2, se10c_2","Se9c_2, Se10c_2",,se9c_2 What is your job title (EGP class),EGP class; classification; job title; occupational classification; occupational prestige,Occupational Classification; Unknown
19,6,0.9537,0.7579,q137,"q115, q138","q112, q145","q146, q114","q153, q120","q111, q153",To what extent is the legislature capable of keeping government leaders in check?,accountability; checks and balances; efficacy; government accomplishment; government accountability,Government Accountability; Government Effectiveness; Government Oversight; Separation of Powers; Trust in Government
54,5,0.9517,0.8792,,q88,q71,q76,q79,q76,Attended a demonstration or protest march,collective action; demonstration; political activism; political expression; protest,Civic Engagement; Political Participation; Social Participation
201,2,0.9513,0.9026,,,,,"q157a, q156a","q156a, q157a",156a Do you strongly agree or just agree with the chosen statement?,agreement level; attitude intensity; cultural attitude; economic internationalism; international cooperation,Cultural Identity; Economic Perception; International Relations; International Trade
25,3,0.9491,0.9361,q123,,,q132,q139,,The military should come in to govern the country,anti-democratic sentiment; authoritarian rule; country leadership; governance; governance model,Governance Preference; Military Involvement; Trust in Government
120,4,0.9486,0.9185,,,ir12k,ir12j,IR12K,IR12k,IR12k Market stalls (selling groceries and/or clothing),accessibility; clothing; commerce; groceries; infrastructure,Market Accessibility; Service Accessibility
111,4,0.9475,0.8950,,,"q158, q156","q163, q166","q179, q174","q179, q173","In ten years, which country will have the most influence in Asia?",Asia; country comparison; country influence; country power; future projection,Geopolitical Influence; Geopolitics; Global Influence
96,4,0.9470,0.8886,,,"se10b, se9b","se10b, se9b","SE10B, SE9B","SE10b, SE9b",se10b How many people does his or her business employ?,business scale; business size; employee count; employment; employment capacity,Business Demographics; Business Employment; Business Ownership; Business Size; Business and Employment
18,2,0.9441,0.9441,q141,q143,,,,,The local government should have more authority over local decisions than it does now,centralization; decision-making authority; government authority; local autonomy; local decision-making,Decentralization; Government Authority
70,4,0.9411,0.9117,,q106,q100,,q110,q101,"Between elections, the people have no way of holding the government responsible for its actions.",accountability; accountability mechanisms; citizen control; elections; government responsibility,Government Accountability; Trust in Government
103,5,0.9405,0.7512,,se5a,se5a,se5a,SE5A,SE5a,SE5a How many years of formal education you have received?,education; educational attainment; educational duration; formal education; personal background,Education; Socio-Demographic Characteristics
56,5,0.9379,0.8868,,q90,q73,q78,q81,q78,"Thinking of whether you voted or not ever since you became eligible for voting, how would you describe yourself-have you voted in every election, voted in most elections, voted in some elections or ha",civic duty; election participation; electoral engagement; electoral participation; self-description,Civic Engagement; Electoral Participation; Voting Behavior
73,2,0.9376,0.9376,,ir3a_3,ir3a_3HK,,,,Parents or parents in law,family presence; family relationship; interview setting; parents; parents presence,Interview Environment
194,2,0.9373,0.9301,,,,"se12, se12a",SE12,,se12 Where would you place your family on the following scale? -10 scales,family socioeconomic status; family status; self-placement; social classification; socioeconomic scale,Socioeconomic Status
179,3,0.9367,0.9051,,,,se15i,SE15I,SE15i,se15i Bicycle,bicycle ownership; environmentally friendly; household amenities; physical activity; transportation,Household Assets
154,4,0.9339,0.8485,,,q128,q129,q136,"q130, q131, q128, q129","Do you agree or disagree with the following statement: 'Democracy may have its problems, but it is still the best form of government's? Only one political party is allowed to stand for election and ho",authoritarianism; democracy; election; elections; evaluation,Political System Preference; Trust in Government
37,4,0.9311,0.8693,q125,q141,q148,q149,,,"When the country is facing a difficult situation, it is ok for the government to disregard the law in order to deal with the situation",crisis management; government authority; legal constraints; legal disregard,Rule of Law
81,4,0.9304,0.8600,,se7a,se7a,se7a,SE7A,,Would you describe yourself as very religious?,level of devotion; level of religious commitment; personal faith; religiosity; religiosity level,Religion; Religion and Spirituality; Religiosity
155,4,0.9300,0.7543,,,q80,q83,q86,q80,"Over the long run, our system of government is capable of solving the problems our country faces.",capability; government capability; long-term evaluation; problem solving; problem-solving,System of Government Capability; Trust in Government
7,6,0.9294,0.8117,q116,"q119_1, q119, q119_2, q119_3","q119_1, q119_3, q119_2, q119",q120,q127,q118,anyone you know personally witnessed an act of corruption?,bribe-taking; corruption; corruption observation; corruption witness; direct witness,Corruption Experience; Corruption Perception; Trust in Government
17,6,0.9291,0.7679,q119,"q127, q125, q124, q123, q126",q126,q127,q134,q126,choose between democracy and economic development?,authoritarianism; democracy; economic development; governance; militarism,Governance Preference; Governance and Democracy; Political Priority; Political Values
12,5,0.9280,0.8438,q072,,q56,q61,q63,q61,"61. When a mother-in-law and a daughter-in-law come into conflict, even if the mother-in-law is in the wrong, the husband should still persuade his wife to obey his mother.",authority; conflict resolution; family conflict; family harmony; family hierarchy,Family Dynamics; Family Values
173,3,0.9278,0.8916,,,,se15b,SE15B,SE15b,se15b Tractor,agricultural asset; agricultural resources; asset ownership; equipment ownership; farm equipment access,Asset Ownership; Household Assets
28,6,0.9268,0.8561,q028,q39,q33,q34,q34,q34,Which parties or candidates did you vote for?,candidate support; electoral decision; party affiliation; political allegiance; political orientation,Political Affiliation; Political Preference; Voting Behavior
22,6,0.9253,0.8297,ir010a,ir12a,ir11a,ir11a,IR11a,IR11a,IR11a. What is the condition of the road leading to interviewee's residence?,environmental assessment; infrastructure evaluation; infrastructure quality; residence accessibility; road condition,Environmental Conditions; Infrastructure Accessibility; Infrastructure Quality
78,5,0.9237,0.8294,,q54,q47,q53,q56,q53other,"Among the political parties listed here, which party if any do you feel closest to?",affiliation; evaluation; identification; party loyalty; party preference,Party Affiliation; Political Affiliation; Political Party Affiliation; Social Attitudes
182,3,0.9212,0.8818,,,,se15l,SE15L,SE15l,se15l Fridge,appliance; convenience; food preservation; food storage; fridge ownership,Household Assets
4,2,0.9200,0.9200,q076,q82,,,,,Contacted political parties or other political organizations?,opinion expression; organization engagement; political involvement; political party interaction,Civic Engagement; Political Interaction
42,5,0.9200,0.8499,"q124, q121",,q132,"q133, q130","q137, q140",q132,We should get rid of elections and parliaments and have experts make decisions on behalf of the people.,anti-democratic sentiment; authoritarianism; decision making; democratic process; elections,Governance Preference; Political System Preference; Technocratic Governance; Trust in Government
158,4,0.9190,0.8415,,q26,q27,,q26,q26,How much trust do you have in other people you interact with?,acquaintances; interpersonal trust; social interaction; social interactions; social trust,Trust in Others; Trust in People
183,3,0.9183,0.8774,,,,se15m,SE15M,SE15m,Se15m Camera,camera ownership; entertainment; household amenities; leisure; leisure activity,Household Assets
165,3,0.9181,0.8433,,,,"q159, q159a",q163,q163,"Considering all the effort that you and your family members have made in the past, do you think the income that your family currently receives is fair or not fair?",effort and reward; effort evaluation; family income; income fairness,Economic Perception; Income Fairness
99,3,0.9174,0.7583,,,"se3a, se3","se3_2, se3_1","SE3, SE3_1",,SE3a.ACTUAL AGE,actual age; age; birth year; current age; current status,Demographic Characteristics; Demographic Information
124,3,0.9166,0.8517,,,"se9c, se10c","se9c, se10c","SE9C, SE10C",,se9c What is your job title (ISCO code),ISCO code; classification; job description; job title; occupation classification,Occupation; Occupation Classification; Occupation and Employment; Occupational Classification
11,2,0.9165,0.8201,"se012a, se012bcn, se012bjp",se12a,,,,,Main Occupation,career path; employment status; job classification; job type; main occupation,Employment; Occupation and Employment
41,4,0.9163,0.8799,se017,se13,se12,,,SE11aother,subjective social status,other ethnic background; racial identity; self-evaluation; self-perception; social position,Demographic Characteristics; Social Perception
135,5,0.9144,0.7971,,ir12c,ir11c,ir11c,IR11c,IR11c,ir11c Is electricity the main source of lighting in the house?,electricity; electricity access; electricity availability; electricity source; energy availability,Environmental Conditions; Service Accessibility
74,5,0.9142,0.8577,,se11,se11,se11,Se11,SE10eother,se11 What language do you speak the most in the home?,domestic communication; employment status; home environment; home language; language,Employment Status; Language Use; Language and Culture; Unknown
168,3,0.9136,0.8704,,,,q157,q161,q161,How concerned are you about the loss of your major source of income within the next months?,family income; family well-being; future uncertainty; income stability; job insecurity,Economic Security
185,3,0.9135,0.8689,,,,q153,q158,q158,Do you think the government should increase or decrease the inflow of foreigners who come to work in our country?,foreign workers; government policy; government regulation; government role; immigration control,Immigration Policy
105,4,0.9128,0.8376,,,"se10, se10_1","se10_1, se10","SE10_1, SE10","SE10_1, SE9eother",SE10. Are you the main earner in your household?(Chief wage earner)<Optional>,current job; current status; earner status; earnings; employment,Employment Status; Household Economics
15,5,0.9124,0.8153,q067,,q61,q66,q68,q66,"Wealth and poverty, success and failure are all determined by fate.",destiny; determination; failure; fate; inequality,Beliefs and Values; Fatalism; Fatalism and Social Mobility
61,2,0.9101,0.9101,,se10h,se14h,,,,Does the total income of your household allow you to satisfactorily cover your needs? SE 10.8 Electric Fan/Cooler,economic condition; electric fan ownership; evaluation; household income; household needs,Economic Perception
45,6,0.9089,0.7684,"q131, q014",q131,"q15, q136",q137,q144,q136,You can generally trust the people who run our government to do what is right.,decision-making; governance; government; government evaluation; government integrity,Trust in Government; Trust in Local Government
157,4,0.9077,0.8209,,q25,q26,,q25,q25,How much trust do you have in your neighbors?,community; community relationships; community trust; neighborhood; neighborly trust,Trust in Others; Trust in People
75,5,0.9070,0.7553,,q155,q155,q162,"q169, q171, q167",q167,"Given the chance, how willing would you be to go and live in another country?",citizen preparedness; country attachment; country preference; democratic regime; democratic system,Democratic System Evaluation; Migration Intentions
33,5,0.9062,0.7848,q056,,q43,q44,q46,q47,How interested would you say you are interested in politics?,civic awareness; civic engagement; interest; interest in politics; participation,Political Engagement
186,4,0.9053,0.8106,,,q120,q121,q128,q120,Where would you place China today on this scale?,China; country evaluation; current assessment; democracy; regime type,Country Perception; Global Perception; International Perception; Political Regime Evaluation
148,3,0.9051,0.8287,,,q84,,"q91, q93, q90, q92, q94",q84,"Would you say our system of government works fine as it is, needs minor change, needs major change, or should be replaced?",abuse of power; change; citizen rights; corruption; evaluation,Freedom and Participation; Government Evaluation; Separation of Powers; System Evaluation; System of Government Evaluation; Trust in Government
209,2,0.9042,0.9042,,,,,q77,q74,Joined a group to actively support a cause(including online),activism; cause support; community engagement; group membership,Political Participation; Social Participation
59,5,0.9040,0.8233,,q66,q45,q49,q49,q50,How often do you use the internet?,accessibility; digital literacy; frequency; frequency of use; information access,Digital Access; Digital Accessibility; Digital Behavior; Technology Adoption; Technology Usage
46,6,0.9035,0.8171,ir002,ir2,ir2,ir2,Ir2,IR2,IR2. Is this the first questionnaire you have completed?,first time; interviewer experience; questionnaire completion; respondent history; survey experience,Survey Administration; Survey Participation; Unknown
53,3,0.9025,0.8537,,q87,q70,q75,,,Got together with others to raise an issue or sign a petition-3 categories,collective action; community involvement; issue advocacy; petition; political participation,Civic Engagement
147,5,0.9013,0.7602,ir009,,ir10a,ir10a,IR10a,IR10a,IR10a. Was the interview conducted with the assistance of an interpreter?,communication; data quality; interpreter assistance; interview facilitation; interview methodology,Interview Process; Interview Quality; Interviewer Information; Survey Methodology; Unknown
181,3,0.9007,0.8511,,,,se15k,SE15K,SE15k,Se15k Pumping set,agricultural support; agriculture; equipment; household amenities; household infrastructure,Household Assets
79,5,0.9005,0.7596,,"q32, q33",q42,q43,q45,q46,"Generally speaking, how safe is living in this city/town/village?",current evaluation; living conditions; location; perceived safety; personal security,Perceived Safety; Public Safety; Urban Safety
171,2,0.8994,0.8209,,,,"q79a, q81a, q82a, q80a","q83a, q84a, q85a, q82a",,83a Do you strongly agree or just agree with the chosen statement?,agreement intensity; agreement level; certainty; evaluation; government accountability,Accountability; Freedom of Press; General Opinion; Political Attitudes; Trust in Government
47,6,0.8982,0.7980,ir002a,ir2a,ir2a,ir2a,Ir2A,IR2a,ir2a Interviewer's gender,demographic information; demographics; gender; interviewer characteristics; interviewer gender,Interviewer Characteristics; Survey Administration; Unknown
133,4,0.8976,0.8059,,q107,q101,,q111,q102,"When the government breaks the laws, there is nothing the legal system can do",government accountability; government leader; government leaders; judicial power; judicial powerlessness,Rule of Law; Trust in Government
160,3,0.8968,0.7911,,,,"se15n_1, se15a_1, se15o_1","se15a_1, se15o_1, se15n_1","SE15a_1, SE15n_1, SE15o_1, SE15q_1",se15n_1 How many,asset accumulation; asset quantity; boat; car ownership; cattle,Agricultural Assets; Agricultural Livestock; Asset Ownership; Household Assets; None; Transportation Assets; Unknown
72,6,0.8966,0.8015,se008b,"se8a, se8b","se8a, se8b","se8b, se8a","SE8B, SE8A","SE8b, SE8a",SE8a. How many people live in this household?,demographic composition; domestic arrangement; family; family composition; family members,Household Characteristics; Household Composition; Household Demographics; Household Information
32,6,0.8966,0.7569,"q057a, q057, q023, q058, q060, q059",q52,"q46, q44","q46, q45","q48, q47","q48, q49","How often do you follow news about politics in the daily newspaper, television, and radio?",discussion; family; family and friends; frequency; frequency of discussion,Political Engagement; Political Information; Social Discussion; Social Interaction
172,3,0.8963,0.8639,,,,se15a,SE15A,SE15a,SE15a Do you or your family own the following: Car/Jeep/Van?<optional>,asset ownership; asset possession; car ownership; material possessions; transportation access,Asset Ownership; Household Assets
84,5,0.8945,0.8110,,q27,q28,q29,q28,q28,How many people do you have contact within a typical week day?,daily contacts; daily interactions; daily life; frequency; frequency of contact,Social Connections; Social Connectivity; Social Interaction
86,2,0.8938,0.7524,,"q20_2, q20_3, q20_1","q21, q22",,,,Second organization,affiliation; identification; organization membership; organizational membership; social connection,Organizational Affiliation; Social Network; Social Participation
80,4,0.8934,0.7654,q030,q41,q35,,,q36,Did you try to persuade others to vote for a certain candidate or party?,campaign support; candidate support; persuasion; political persuasion; social influence,Political Activism; Political Participation
88,5,0.8895,0.7799,,"ir9_1, ir8",ir8,"ir10, ir8","IR8, IR10","IR10, IR8",ir8 What proportion of the questions do you feel the respondent had difficulty answering?,communication; difficulty; interview challenge; interview date; interview difficulty,Interview Experience; Interview Metadata; Interview Quality; Interviewer Information; Respondent Ability; Survey Quality; Unknown
166,3,0.8886,0.7534,,,,"se13a, se13c, se13b","SE13B, SE13A, SE13C","SE13b, SE13a",se13b Where would you put your parents on this staircase?,child evaluation; current status; economic condition; family background; future prospects,Economic Perception; Socioeconomic Status
20,2,0.8882,0.8882,q061,q53,,,,,How much impact do you feel government politics have on your daily life?,daily life; government influence; government policies; perceived impact,Government Impact
142,4,0.8874,0.7820,,,q58,q63,q65,q63,"In a group, we should avoid open quarrel to preserve the harmony of the group",conflict avoidance; group dynamics; group harmony; harmony preservation; social cohesion,Social Harmony; Social Harmony and Conflict
136,4,0.8851,0.8013,,,ir12,ir12,IR12,IR12,"IR12. Were the following services present within the neighborhood (i.e., within walking or easy driving distance).Estimate the distance of these services by:",availability; community amenities; distance estimation; distance evaluation; neighborhood services,Service Accessibility
117,5,0.8845,0.8198,,q62,q53,q58,q61,q59,"When dealing with others, developing a long-term relationship is more important than securing one's immediate interest.",immediate interest; interpersonal harmony; long-term orientation; long-term relationship; pragmatism,Interpersonal Relationships; Social Interaction; Social Relationships; Social Values
44,2,0.8837,0.8837,q130,q129,,,,,"Whatever its faults may be, our form of government is still the best for us",government evaluation; national pride; optimism; system of government; system preference,System Support; Trust in Government
48,6,0.8835,0.7629,ir002b,ir2b,ir2b,ir2b,Ir2B,IR2b,IR2b. Interviewer's Age,age; demographic information; demographics; interviewer age; interviewer characteristics,Interviewer Characteristics; Survey Administration; Unknown
141,6,0.8830,0.7574,q106,q108,"q103, q104","q105, q106","q113, q112","q103, q104",Everyone is treated equally by the government,citizen rights; economic equality; equal treatment; equality; ethnic communities,Government Equality; Government Fairness; Social Equality
216,2,0.8828,0.7655,,,,,"q156_1, q157_1","q156_1, q157_1",156_1 Our country should do more to learn from other countries(q156+q156a),cultural learning; economic cooperation; global engagement; global market; international cooperation,Cultural Identity; Economic Perception; International Relations; International Trade
146,4,0.8817,0.7762,,,"q29, q30","q31, q30",q31,q31,"31. When people outside your household have problems, do they come to you for help?",external help; help; help-seeking; help-seeking behavior; personal network,Social Support
112,4,0.8817,0.7544,,,"q160, q161","q171, q169, q168, q170","q183, q182, q176, q184, q181","q182, q184, q175, q183, q177",How much influence does the United States have on our country?,China; USA; United States; country evaluation; country influence,Geopolitical Influence; Global Influence; International Influence; International Relations
93,5,0.8816,0.7777,,q24,q25,q26,q24,q24,How much trust do you have in your relatives?,familial relationships; familial trust; familiarity; family ties; relatives,Trust in Others; Trust in People
191,3,0.8810,0.8364,,,,ir11d,IR11d,IR11d,ir11d Is this neighborhood covered by mobil phone network?,mobile network; mobile phone coverage; mobile phone network; neighborhood amenities; neighborhood coverage,Service Accessibility
8,6,0.8797,0.7564,"q115, q114","q118, q117, q120","q116, q118, q117","q119, q118, q117","q126, q125, q124","q116, q117, q115",How widespread do you think corruption and bribe-taking are in the national government?,accountability; anti-corruption efforts; bribe-taking; bribery; bribery prevention,Anti-Corruption Efforts; Corruption Perception; Trust in Government
55,3,0.8795,0.7856,,q89,q72,"q77, q77a",,,Used force or violence for a political cause,activism; force; political activism; political cause; political extremism,Civic Engagement
92,6,0.8777,0.7618,q024,q23,q23,"q23, q24","q22, q23","q21_other, q23","Would you say that ""Most people can be trusted"" or ""that you must be very careful in dealing with people""?",activity; caution; generalization; generalized others; generalized trust,Organizational Participation; Trust in Others; Trust in People
64,3,0.8764,0.8192,,q105,q99,q102,,,Political parties or candidates in our country have equal access to the mass media during the election period.,election period; equal access; mass media; media access; political equality,Electoral Fairness; Media Accessibility
36,2,0.8754,0.8754,se007,se7,,,,,relgiosity,faithfulness; personal belief; religiosity; spiritual devotion; spirituality,Religiosity
107,4,0.8750,0.7502,,,"se10a, se10d, se9a, se9d, se9","se9a, se9d, se10d, se9, se10a","SE9D, SE10A, SE9, SE9A, SE10D","SE10a, SE9, SE10d, SE9d, SE9a","SE10a. Is he or she currently self-employed (including business owners), working in a family business, or working for an outsid",business involvement; business ownership; current occupation; current status; current work,Employment Status; Employment Type; Job Search
175,3,0.8744,0.8208,,,,se15d,SE15D,SE15d,Se15d Cable Televsion,asset ownership; cable television; cable television subscription; cable tv subscription; entertainment services,Asset Ownership; Household Assets
190,3,0.8727,0.8055,,,,q172,q186,q185Other,"185. Other specify responses 

Variable: q186 
  Question: How close do you feel to ASEAN? (ASEAN countries only)",ASEAN; cultural closeness; evaluation; identity; national belonging,Regional Identity; Social Attitudes
23,4,0.8715,0.7649,"ir007_3, ir007_1",,,"year, month",Year,YEAR,"Interview year 

Variable: Month 
  Question: Interview month",interview date; interview timing; interview year; month; month of interview,Interview Metadata; Temporal Reference
69,6,0.8704,0.7569,"q118, q120","q122, q132, q121","q125, q124","q80, q79, q82, q125, q126, q81, q154","q133, q132","q124, q125",80. which of the following statements do you agree with most?,agreement; attitude; attitude expression; comparison; democratic values,General Opinion; Governance and Democracy; Opinion and Attitudes; Opinion and Beliefs; Political Attitudes; Political Ideology; Political Opinion; Political Preference; Unknown
199,2,0.8704,0.8694,,,,,"q74, q75",q72,Signed a paper petition,civic engagement; digital engagement; offline engagement; online activity; online petition,Citizen Engagement; Political Participation
2,6,0.8688,0.7743,"q027, q031, q029","q42, q40, q38","q34, q36","q37, q33, q35","q37, q33, q35","q35, q33, q37",Did you attend a campaign meeting or rally in the last national election?,attendance; campaign activity; campaign assistance; campaign engagement; campaign meeting,Campaign Engagement; Campaign Support; Electoral Participation; Political Participation; Voting Behavior
14,5,0.8688,0.7691,q069,q60,,q55,q58,q56,"For the sake of the family, the individual should put his personal interests second",collectivism; family; family interests; family loyalty; family prioritization,Family Priorities; Family Values; Social Values; Value Prioritization
131,2,0.8665,0.8665,,,se7,,,SE6other,"SE6. Other specify responses 

Variable: SE7 
  Question: SE7 RELIGIOSITY: About how often do you practice religious services or rituals these days?",faith; frequency of attendance; other; religiosity; religious affiliation,Religion
170,4,0.8647,0.7937,,,q115,q116,q122,q113,How much do you feel that having elections makes the government pay attention to what the people think?,accountability; elections; electoral accountability; electoral influence; government accountability,Election Impact; Election Integrity; Trust in Government
188,3,0.8595,0.7526,,,,"se9c_4, se10c_4","Se9c_4, Se10c_4","Se9c_4, Se10c_4",se9c_4 Extended application. White vs. blue collar,blue collar; job classification; job type; occupational category; occupational classification,Occupational Classification; Unknown
140,4,0.8590,0.8037,,,q48,q54,q57,q54other,54. How close do you feel to (answer in q53)?,affinity; closeness; evaluation; party affiliation; party identification,Party Affiliation; Political Affiliation; Social Connection
9,5,0.8551,0.7560,"se004, se004a",se4,se4,se4,SE4,,SE4. MARITAL STATUS, partnership status; binary classification; family structure; marital status; partnership,Demographic Characteristics; Demographic Information; Demographics
213,4,0.8549,0.7972,,,q33a,q34a,q34a,q34other,"34. Other specify responses 

Variable: q34a 
  Question: 34a Did the respondent vote for the winning or losing camp?",candidate support; election result; losing party; other specification; party affiliation,Political Preference; Voting Behavior
10,6,0.8543,0.7513,"q005, q006, q004, q002, q001, q003","q8, q17, q2, q14, q5, q16, q3, q10, q7, q4, q18, q9, q1, q15, q6, q13, q12, q11, q19","q1, q6, q5, q2, q3, q4","q16, q19, q6, q17, q5, q8, q15, q11, q18, q12, q2, q13, q21, q9, q7, q4, q3, fg, q20, q22, q1, q14, q10","q7, q17, q6, q2, q20, q10, q19, q9, q8, q4, q14, q12, q13, q15, q18, q3, q16, q5, q1, q11","q5, q7, q14, q2, q3, q4, q6, q9, q18, q12, q11, q8, q15, q10, q17, q1, q16, q13",What do you think the economic situation of your family will be a few years from now? Trust in the Courts,change evaluation; current assessment; current evaluation; economic condition; economic evaluation,Economic Expectation; Economic Perception
205,2,0.8531,0.8242,,,,,"q127a_3, q127a_1, q127a_2","q119c, q119b, q119a",127a_3  Did you personally witness it or were you told about it by a family member or friend who personally witnessed? told about it by a friend who personally witnessed,corruption; direct experience; family member; friend; indirect experience,Corruption Perception; Information Source
202,3,0.8511,0.7767,,,,q155,q159,q159,How fair do you think income distribution is in the country?,fairness evaluation; income distribution; national economy; national level; social justice,Economic Inequality; Economic Perception
89,5,0.8508,0.7521,,"q102a, q103",q97,"q101, q100","q107, q108","q99, q97bother",How likely is it that the government will solve the most important problem you identified within the next five years?,accountability; elections; evaluation; future expectation; government accountability,Governance and Democracy; Government Performance; Service Accessibility; Trust in Government
240,2,0.8497,0.8497,,,,,q160c,q160c,160c It is the responsibility of the government to make sure that everyone has access to basic medical care,government role; health services; healthcare access; medical care; social welfare,Government Responsibility; Healthcare Accessibility
49,6,0.8483,0.7501,ir004,"ir4, ir3","ir3, ir4, ir3a_1HK","ir3, ir4","IR4, IR3, IR3a_1, IR3a_3","IR3a_3, IR3a_6_other, IR2c_other, IR3a_1, IR3a_4, IR3a_2, IR3a_5, IR3a_6_other_clarify",ir4 Has the respondent ever refused to be interviewed during the whole process?,authorities; cooperation; family member; family members; family relationship,Interview Environment; Interview Experience; Interview Participation; Interview Process; Language and Culture; Respondent Behavior; Survey Administration; Unknown
21,6,0.8476,0.7502,"q098, q103, q104","q98, q99, q94, q93, q92","q89, q95, q86, q85, q88, q87, q90","q97, q98, q92, q88, q89, q91, q90, q93","q105, q99, q98, q100, q104","q95, q85, q88, q96, q87, q86, q90, q91",Whether you think democracy is suitable for our country,country context; country evaluation; country-level assessment; country-level evaluation; current assessment,Democracy Characteristics; Democracy Evaluation; Democratic Values; Essential Elements of Democracy; Governance and Democracy; Government Evaluation; Government Satisfaction; Perception of Democracy; Political Perception; Satisfaction with Democracy; Satisfaction with Government; Suitability of Democracy; Trust in Government
217,3,0.8461,0.7691,,,,q73,q73,q71,Contacted news media,contact; contact with news media; information dissemination; media level; news media,Citizen Engagement; Media Interaction; Political Participation
35,6,0.8459,0.7523,"q099, q102, q100","q95, q96","q91, q93, q92","q95, q94, q96","q102, q101, q103","q93, q94, q92",Where would you place our country ten years ago?,authoritarian regime; authoritarian rule; country evaluation; country progress; country-level assessment,Country Evaluation; Democratic Governance; Future Expectations; National Outlook; National Progress; Political Evaluation; Regime Evaluation; Trust in Government
235,2,0.8457,0.8457,,ir9_2,ir9,,,,"Date of Interview____(month)____(date)_2010_(year) 

Variable: ir10 
  Question: IR10. Language in which interview was conducted",administration detail; day; interview date; record-keeping; temporal information,Interview Administration; Interview Metadata
177,3,0.8446,0.7518,,,,"se15g, se15f","SE15F, SE15G","SE15f, SE15g",se15g Mobile phone,access; access to services; communication; communication access; household amenities,Household Assets
238,2,0.8439,0.8439,,,,,q160a,q160a,160a Narrow the gap between the rich and the poor,government role; income distribution; income inequality; policy preference; social equality,Economic Inequality; Government Responsibility
110,4,0.8407,0.7507,,,"q157b, q157a","q164, q165","q177, q175","q176, q173other",Does China do more good or harm to the Asia?,Asia; China; United States; alternative perspective; country comparison,Geopolitical Evaluation; Geopolitical Influence; Geopolitical Perception; International Relations
198,4,0.8324,0.7605,,q85,,q72,q72,q70,Contacted other influential people outside the government-3 categories.,community leaders; contact; contact with traditional leaders; elite engagement; influential people,Citizen Engagement; Political Participation; Social Influence; Social Interaction
229,2,0.8282,0.8282,q145,q77,,,,,The most important thing for a political leader is to accomplish his goals even if he has to ignore the established proc,goal accomplishment; goal achievement; leadership style; means-ends justification; political leadership,Leadership and Decision-Making; Political Leadership
60,5,0.8253,0.7506,,"se10c, se10i, se10k, se10m, se10b, se10f, se10e, se10j, se10n, se10o, se9, se10a, se10l, se10g, se9a, se10d","se13a, ir1, se14j, se14a, se14n, se14f, se13, se14e, se14o, se14c, se14k, se14i, se14g, se14d, se14m, se14b, se14l","se14a, se14","SE14, SE14A","SE14, SE14a",SE13a. Does the total income of your household allow you to satisfactorily cover your needs?,agricultural equipment; asset ownership; basic needs; bicycle ownership; camera ownership,Economic Condition; Economic Perception; Economic Wellbeing; Household Income
43,6,0.8178,0.7555,ir010e,"ir13g, ir13a, ir13f, ir12d, ir13i, ir13d, irII13c, ir13e, ir13b",ir11d,ir11e,IR11E,IR11e,"ir11e In terms of walking distance, how far is it between the nearest public transportation stop (bus, train, ferry, tram, etc.) and the respondent's house?",community facilities; distance; education access; health service; police station proximity,Education Accessibility; Infrastructure Accessibility; Service Accessibility; Transportation Accessibility
189,2,0.8176,0.7753,,,,"q52, q51",,"q52b, q52d",52. How often do you use the Internet or social media networks to express your opinion about politics and government?,frequency; government; influence; information seeking; internet,Political Engagement
228,2,0.8175,0.8175,q143,q76,,,,,"For the sake of the national community/society, the individual should be prepared to sacrifice his personal interest",collective interest; individual sacrifice; national community; social duty; social responsibility,Individual Sacrifice for the Collective; National Loyalty
3,6,0.8143,0.7541,"q083, q075",q81,"q65, q66, q68, q67, q64","q69, q69a",q70,"q68, q69","In the past three (3) years, have you never, once, or more than once done the following because of personal, family, or neighborhood problems, or problems with government officials and policies?Contac",citizen participation; civic engagement; civil servants; collective action; community involvement,Citizen Engagement; Civic Engagement; Government Interaction; Political Participation; Political Participation and Engagement
164,3,0.8134,0.7518,,,,q50,"q51c, q51d, q51a, q51b, q50","q51a_Facebook, q52c",Do you currently use any of the following social media networks?(E.g. 51c You use social media primarily to share news or information,Facebook; communication purpose; expression of opinion; information dissemination; information sharing,Digital Behavior; Information Sharing; Social Media Usage; Social Media Use; Technology and Media
123,5,0.8126,0.7503,,"q102, q101, q100",q96,"q99a, q99, q99b","q106a, Q106d, q106, q106b, Q106e, Q106c","q97aother, q97other, q97",106a What are the most important problems facing this country that government should address(2nd response)?,evaluation; government priorities; government responsibility; importance; important problems,National Issues; National Problems; Political Priorities; Service Accessibility; Social Attitudes; Unknown
104,5,0.8105,0.7502,,"q51_4, q48, q49, q43, q51_7",q37,q38,q38,q38,"On the whole, how free and fair would you say the last national election was?",democratic evaluation; democratic process; election evaluation; election fairness; election integrity,Election Integrity; Election Perception; Electoral Integrity; Media Consumption; Political Engagement; Political Perception; Trust in Government
226,3,0.8060,0.7863,q097_1,q91_1,,,,q89,"To you, what does democracy mean? (open-ended) <optional>",democracy; meaning; open-ended response; personal interpretation; political concept,Concept of Democracy; Democracy Perception; Political Perception
239,2,0.8060,0.8060,,,,,q160b,q160b,160b Make sure that everyone has affordable housing,affordable housing; basic needs; government role; social welfare,Government Responsibility; Housing Accessibility
242,2,0.8025,0.8025,,,,,q173,q171,"As long as the government can maintain order and stability in the country, it does not matter whether it is democratic or undemocratic",democratic importance; economic problem; government type; order maintenance; priority,Government Evaluation; Political System Evaluation
5,3,0.8018,0.7577,"q077, q085","q79, q83",,,q71,,Contacted government (administrative) official,administrative interaction; bureaucratic level; citizen engagement; civil society engagement; civil society interaction,Citizen Engagement; Civic Engagement; Civil Society Interaction; Government Interaction; Political Participation
241,2,0.7995,0.7995,,,,,q160d,q160d,160d It is the responsibility of the government to make sure that basic necessitities such as food and shelters are provided for everyone,basic necessities; food security; government role; shelter provision; social safety net,Government Responsibility; Poverty and Basic Needs
225,3,0.7978,0.7754,q082,q80,,q70,,,Contacted officials at higher level,collective action; government contact; government interaction; group participation; hierarchical level,Civic Engagement; Government Interaction
232,2,0.7961,0.7961,q015,,,,q54,,How much trust do you have in each of the following types of media?Newspaper,media credibility; media trust; newspaper; newspapers; trust,Media Trust; Trust in Media
227,2,0.7901,0.7901,se003a,se3a,,,,,actual age,age; individual characteristic; life stage; numerical value; personal characteristic,Demographic Characteristics; Demographics
233,2,0.7884,0.7884,q016,,,,q53,,How much trust do you have in television?,media credibility; media trust; television; trust,Media Trust; Trust in Media
236,2,0.7841,0.7841,,,q40,q41,,,"Based on your experience, how easy or difficult is it to obtain the following services? Medical treatment at a nearby clinic",clinic services; health service; healthcare access; medical treatment; proximity,Service Accessibility
230,2,0.7837,0.7719,"q018, q018_3, q018_2, q018_4, q018_5",,q19,,,,How much trust do you have in non-governmental organizations?,civil society; foreign enterprises; institutional credibility; national identity; non-governmental organizations,National Pride; Trust in Institutions; Trust in Non-Governmental Organizations
237,2,0.7733,0.7733,,,q41,,,q43,How easy or difficult to obtain help from the police when you need it,accessibility; law enforcement; police assistance; public service; safety,Service Accessibility
234,2,0.7711,0.7711,idnumber,idnumber,,,,,"Interview Numbers 

Variable: level3 
  Question: Urban-rural",,Unknown
231,2,0.7709,0.7709,q010,,q11,,,,How much trust do you have in Parliament?,confidence in institutions; institutional confidence; institutional trust; parliament; trust,Trust in Government
